fpr,tpr
0.0,0.0
0.0,0.00022197558268590456
0.0,0.007547169811320755
1.418540322008653e-05,0.007547169811320755
1.418540322008653e-05,0.007991120976692564
2.837080644017306e-05,0.007991120976692564
2.837080644017306e-05,0.013318534961154272
4.2556209660259596e-05,0.013318534961154272
4.2556209660259596e-05,0.015316315205327414
5.674161288034612e-05,0.015316315205327414
5.674161288034612e-05,0.021309655937846835
8.511241932051919e-05,0.021309655937846835
8.511241932051919e-05,0.02597114317425083
9.929782254060572e-05,0.02597114317425083
9.929782254060572e-05,0.029966703662597113
0.00011348322576069224,0.029966703662597113
0.00011348322576069224,0.03107658157602664
0.00012766862898077878,0.03107658157602664
0.00012766862898077878,0.03174250832408435
0.0001418540322008653,0.03174250832408435
0.0001418540322008653,0.03307436182019978
0.00015603943542095183,0.03307436182019978
0.00015603943542095183,0.03840177580466149
0.0001844102418611249,0.03840177580466149
0.0001844102418611249,0.039289678135405105
0.00019859564508121143,0.039289678135405105
0.00019859564508121143,0.04306326304106548
0.00021278104830129796,0.04306326304106548
0.00021278104830129796,0.047502774694783576
0.00022696645152138449,0.047502774694783576
0.00022696645152138449,0.049944506104328525
0.00024115185474147104,0.049944506104328525
0.00024115185474147104,0.05571587125416204
0.00025533725796155756,0.05571587125416204
0.00025533725796155756,0.05615982241953385
0.0002695226611816441,0.05615982241953385
0.0002695226611816441,0.061265260821309654
0.0002837080644017306,0.061265260821309654
0.0002837080644017306,0.06326304106548279
0.00031207887084190366,0.06326304106548279
0.00031207887084190366,0.0634850166481687
0.0003262642740619902,0.0634850166481687
0.0003262642740619902,0.06481687014428412
0.00034044967728207677,0.06481687014428412
0.00034044967728207677,0.06792452830188679
0.00035463508050216327,0.06792452830188679
0.00035463508050216327,0.0681465038845727
0.0003688204837222498,0.0681465038845727
0.0003688204837222498,0.0685904550499445
0.0003830058869423363,0.0685904550499445
0.0003830058869423363,0.06970033296337402
0.0004113766933825094,0.06970033296337402
0.0004113766933825094,0.06992230854605994
0.0004255620966025959,0.06992230854605994
0.0004255620966025959,0.07369589345172031
0.00043974749982268247,0.07369589345172031
0.00043974749982268247,0.07413984461709212
0.00045393290304276897,0.07413984461709212
0.00045393290304276897,0.07613762486126525
0.0004681183062628555,0.07613762486126525
0.0004681183062628555,0.08235294117647059
0.0004823037094829421,0.08235294117647059
0.0004823037094829421,0.08435072142064373
0.0005248599191432017,0.08435072142064373
0.0005248599191432017,0.08479467258601554
0.0005532307255833747,0.08479467258601554
0.0005532307255833747,0.08568257491675915
0.0005674161288034612,0.08568257491675915
0.0005674161288034612,0.08612652608213096
0.0005816015320235478,0.08612652608213096
0.0005816015320235478,0.08923418423973363
0.0005957869352436343,0.08923418423973363
0.0005957869352436343,0.08967813540510544
0.0006099723384637209,0.08967813540510544
0.0006099723384637209,0.09034406215316315
0.0006383431449038939,0.09034406215316315
0.0006383431449038939,0.0925638179800222
0.0006525285481239804,0.0925638179800222
0.0006525285481239804,0.09367369589345172
0.000666713951344067,0.09367369589345172
0.000666713951344067,0.09389567147613763
0.0006808993545641535,0.09389567147613763
0.0006808993545641535,0.09456159822419534
0.00069508475778424,0.09456159822419534
0.00069508475778424,0.09611542730299667
0.0007092701610043265,0.09611542730299667
0.0007092701610043265,0.09633740288568257
0.0007234555642244131,0.09633740288568257
0.0007234555642244131,0.09700332963374028
0.0007376409674444996,0.09700332963374028
0.0007376409674444996,0.09811320754716982
0.0007518263706645862,0.09811320754716982
0.0007518263706645862,0.10499445061043285
0.0007660117738846726,0.10499445061043285
0.0007660117738846726,0.10588235294117647
0.0007801971771047592,0.10588235294117647
0.0007801971771047592,0.10610432852386238
0.0008085679835449323,0.10610432852386238
0.0008085679835449323,0.1074361820199778
0.0008227533867650188,0.1074361820199778
0.0008227533867650188,0.1076581576026637
0.0008369387899851053,0.1076581576026637
0.0008369387899851053,0.10832408435072143
0.0008511241932051918,0.10832408435072143
0.0008511241932051918,0.11076581576026637
0.0008653095964252784,0.11076581576026637
0.0008653095964252784,0.1120976692563818
0.0008794949996453649,0.1120976692563818
0.0008794949996453649,0.11387347391786903
0.0008936804028654515,0.11387347391786903
0.0008936804028654515,0.11409544950055493
0.0009078658060855379,0.11409544950055493
0.0009078658060855379,0.11498335183129856
0.0009220512093056245,0.11498335183129856
0.0009220512093056245,0.11897891231964484
0.000936236612525711,0.11897891231964484
0.000936236612525711,0.12119866814650389
0.0009646074189658842,0.12119866814650389
0.0009646074189658842,0.12142064372918979
0.0009787928221859706,0.12142064372918979
0.0009787928221859706,0.12452830188679245
0.0009929782254060571,0.12452830188679245
0.0009929782254060571,0.12874583795782463
0.0010213490318462303,0.12874583795782463
0.0010213490318462303,0.1309655937846837
0.00106390524150649,0.1309655937846837
0.00106390524150649,0.13118756936736958
0.0010780906447265765,0.13118756936736958
0.0010780906447265765,0.13274139844617092
0.0010922760479466628,0.13274139844617092
0.0010922760479466628,0.13296337402885683
0.001120646854386836,0.13296337402885683
0.001120646854386836,0.13429522752497225
0.0011348322576069225,0.13429522752497225
0.0011348322576069225,0.13584905660377358
0.001149017660827009,0.13584905660377358
0.001149017660827009,0.1362930077691454
0.0011632030640470956,0.1362930077691454
0.0011632030640470956,0.13917869034406216
0.0011915738704872687,0.13917869034406216
0.0011915738704872687,0.13940066592674805
0.0012057592737073552,0.13940066592674805
0.0012057592737073552,0.13984461709211987
0.001234130080147528,0.13984461709211987
0.001234130080147528,0.1411764705882353
0.0012483154833676147,0.1411764705882353
0.0012483154833676147,0.14339622641509434
0.0012766862898077878,0.14339622641509434
0.0012766862898077878,0.14495005549389567
0.0012908716930278743,0.14495005549389567
0.0012908716930278743,0.15138734739178691
0.0013050570962479609,0.15138734739178691
0.0013050570962479609,0.15360710321864596
0.001333427902688134,0.15360710321864596
0.001333427902688134,0.15405105438401775
0.0013476133059082205,0.15405105438401775
0.0013476133059082205,0.15715871254162042
0.001361798709128307,0.15715871254162042
0.001361798709128307,0.15738068812430633
0.0013759841123483934,0.15738068812430633
0.0013759841123483934,0.15893451720310767
0.00139016951556848,0.15893451720310767
0.00139016951556848,0.1609322974472808
0.0014043549187885665,0.1609322974472808
0.0014043549187885665,0.16182019977802442
0.001418540322008653,0.16182019977802442
0.001418540322008653,0.16293007769145393
0.0014327257252287396,0.16293007769145393
0.0014327257252287396,0.16403995560488346
0.0014469111284488262,0.16403995560488346
0.0014469111284488262,0.16470588235294117
0.0014610965316689127,0.16470588235294117
0.0014610965316689127,0.1649278579356271
0.0014894673381090858,0.1649278579356271
0.0014894673381090858,0.1662597114317425
0.0015036527413291724,0.1662597114317425
0.0015036527413291724,0.16714761376248613
0.0015178381445492587,0.16714761376248613
0.0015178381445492587,0.16781354051054384
0.0015320235477693453,0.16781354051054384
0.0015320235477693453,0.16936736958934517
0.0015462089509894318,0.16936736958934517
0.0015462089509894318,0.17247502774694784
0.0015603943542095184,0.17247502774694784
0.0015603943542095184,0.17425083240843509
0.001574579757429605,0.17425083240843509
0.001574579757429605,0.17513873473917868
0.0015887651606496915,0.17513873473917868
0.0015887651606496915,0.17647058823529413
0.001602950563869778,0.17647058823529413
0.001602950563869778,0.17669256381798001
0.0016171359670898646,0.17669256381798001
0.0016171359670898646,0.17980022197558268
0.0016455067735300377,0.17980022197558268
0.0016455067735300377,0.18179800221975584
0.001659692176750124,0.18179800221975584
0.001659692176750124,0.18312985571587126
0.0016738775799702106,0.18312985571587126
0.0016738775799702106,0.1857935627081021
0.0016880629831902971,0.1857935627081021
0.0016880629831902971,0.19089900110987792
0.0017022483864103837,0.19089900110987792
0.0017022483864103837,0.19289678135405106
0.0017164337896304702,0.19289678135405106
0.0017164337896304702,0.19400665926748056
0.0017448045960706433,0.19400665926748056
0.0017448045960706433,0.1951165371809101
0.0017589899992907299,0.1951165371809101
0.0017589899992907299,0.19644839067702552
0.0017731754025108164,0.19644839067702552
0.0017731754025108164,0.19800221975582685
0.001787360805730903,0.19800221975582685
0.001787360805730903,0.19844617092119868
0.0018015462089509893,0.19844617092119868
0.0018015462089509893,0.2002219755826859
0.0018157316121710759,0.2002219755826859
0.0018157316121710759,0.20110987791342952
0.0018299170153911624,0.20110987791342952
0.0018299170153911624,0.20199778024417314
0.001844102418611249,0.20199778024417314
0.001844102418611249,0.2037735849056604
0.001872473225051422,0.2037735849056604
0.001872473225051422,0.2051054384017758
0.0018866586282715086,0.2051054384017758
0.0018866586282715086,0.20532741398446172
0.0019150294347116817,0.20532741398446172
0.0019150294347116817,0.20577136514983352
0.0019292148379317683,0.20577136514983352
0.0019292148379317683,0.20599334073251943
0.0019434002411518546,0.20599334073251943
0.0019434002411518546,0.20821309655937847
0.001957585644371941,0.20821309655937847
0.001957585644371941,0.2091009988901221
0.0019717710475920277,0.2091009988901221
0.0019717710475920277,0.21087680355160932
0.0019859564508121143,0.21087680355160932
0.0019859564508121143,0.21132075471698114
0.002000141854032201,0.21132075471698114
0.002000141854032201,0.21154273029966703
0.0020143272572522874,0.21154273029966703
0.0020143272572522874,0.21176470588235294
0.002028512660472374,0.21176470588235294
0.002028512660472374,0.21309655937846836
0.0020426980636924605,0.21309655937846836
0.0020426980636924605,0.21576026637069923
0.002056883466912547,0.21576026637069923
0.002056883466912547,0.21598224195338514
0.0020710688701326336,0.21598224195338514
0.0020710688701326336,0.21664816870144285
0.00208525427335272,0.21664816870144285
0.00208525427335272,0.21842397336293007
0.0020994396765728067,0.21842397336293007
0.0020994396765728067,0.22197558268590456
0.0021136250797928933,0.22197558268590456
0.0021136250797928933,0.22308546059933407
0.00212781048301298,0.22308546059933407
0.00212781048301298,0.2246392896781354
0.0021419958862330664,0.2246392896781354
0.0021419958862330664,0.2253052164261931
0.002156181289453153,0.2253052164261931
0.002156181289453153,0.22552719200887902
0.002170366692673239,0.22552719200887902
0.002170366692673239,0.22574916759156494
0.0021845520958933256,0.22574916759156494
0.0021845520958933256,0.22619311875693673
0.002198737499113412,0.22619311875693673
0.002198737499113412,0.22685904550499444
0.0022129229023334987,0.22685904550499444
0.0022129229023334987,0.22730299667036627
0.0022271083055535853,0.22730299667036627
0.0022271083055535853,0.22774694783573807
0.002241293708773672,0.22774694783573807
0.002241293708773672,0.22796892341842398
0.0022554791119937584,0.22796892341842398
0.0022554791119937584,0.22819089900110986
0.002269664515213845,0.22819089900110986
0.002269664515213845,0.23085460599334073
0.0022838499184339315,0.23085460599334073
0.0022838499184339315,0.23152053274139844
0.002298035321654018,0.23152053274139844
0.002298035321654018,0.2344062153163152
0.0023122207248741046,0.2344062153163152
0.0023122207248741046,0.23618201997780244
0.002326406128094191,0.23618201997780244
0.002326406128094191,0.2397336293007769
0.0023405915313142777,0.2397336293007769
0.0023405915313142777,0.24017758046614873
0.0023547769345343642,0.24017758046614873
0.0023547769345343642,0.24128745837957824
0.0023689623377544508,0.24128745837957824
0.0023689623377544508,0.24150943396226415
0.0023831477409745373,0.24150943396226415
0.0023831477409745373,0.24306326304106549
0.002397333144194624,0.24306326304106549
0.002397333144194624,0.2432852386237514
0.002425703950634797,0.2432852386237514
0.002425703950634797,0.24350721420643728
0.0024540747570749697,0.24350721420643728
0.0024540747570749697,0.2443951165371809
0.002468260160295056,0.2443951165371809
0.002468260160295056,0.2483906770255272
0.0024824455635151428,0.2483906770255272
0.0024824455635151428,0.2490566037735849
0.0024966309667352293,0.2490566037735849
0.0024966309667352293,0.25016648168701444
0.002510816369955316,0.25016648168701444
0.002510816369955316,0.2506104328523862
0.0025250017731754024,0.2506104328523862
0.0025250017731754024,0.25105438401775804
0.002539187176395489,0.25105438401775804
0.002539187176395489,0.2519422863485017
0.0025533725796155755,0.2519422863485017
0.0025533725796155755,0.2537180910099889
0.002567557982835662,0.2537180910099889
0.002567557982835662,0.2586015538290788
0.0025817433860557486,0.2586015538290788
0.0025817433860557486,0.25882352941176473
0.002595928789275835,0.25882352941176473
0.002595928789275835,0.2590455049944506
0.0026101141924959217,0.2590455049944506
0.0026101141924959217,0.2597114317425083
0.002638484998936095,0.2597114317425083
0.002638484998936095,0.26104328523862375
0.0026526704021561814,0.26104328523862375
0.0026526704021561814,0.2619311875693674
0.002666855805376268,0.2619311875693674
0.002666855805376268,0.262819089900111
0.0026810412085963545,0.262819089900111
0.0026810412085963545,0.26503884572697
0.002695226611816441,0.26503884572697
0.002695226611816441,0.2685904550499445
0.0027094120150365276,0.2685904550499445
0.0027094120150365276,0.27058823529411763
0.002723597418256614,0.27058823529411763
0.002723597418256614,0.2723640399556049
0.0027377828214767003,0.2723640399556049
0.0027377828214767003,0.2732519422863485
0.002751968224696787,0.2732519422863485
0.002751968224696787,0.27391786903440624
0.0027661536279168734,0.27391786903440624
0.0027661536279168734,0.2756936736958934
0.0027945244343570465,0.2756936736958934
0.0027945244343570465,0.2763596004439512
0.002808709837577133,0.2763596004439512
0.002808709837577133,0.2765815760266371
0.0028228952407972196,0.2765815760266371
0.0028228952407972196,0.2770255271920089
0.002837080644017306,0.2770255271920089
0.002837080644017306,0.27746947835738067
0.0028512660472373927,0.27746947835738067
0.0028512660472373927,0.2807991120976693
0.002879636853677566,0.2807991120976693
0.002879636853677566,0.28124306326304105
0.0028938222568976523,0.28124306326304105
0.0028938222568976523,0.281465038845727
0.002908007660117739,0.281465038845727
0.002908007660117739,0.28190899001109876
0.0029505638697779986,0.28190899001109876
0.0029505638697779986,0.2823529411764706
0.002964749272998085,0.2823529411764706
0.002964749272998085,0.28457269700332966
0.002993120079438258,0.28457269700332966
0.002993120079438258,0.28479467258601554
0.0030073054826583448,0.28479467258601554
0.0030073054826583448,0.28523862375138737
0.003021490885878431,0.28523862375138737
0.003021490885878431,0.28568257491675914
0.0030356762890985174,0.28568257491675914
0.0030356762890985174,0.28679245283018867
0.003049861692318604,0.28679245283018867
0.003049861692318604,0.2874583795782464
0.0030640470955386905,0.2874583795782464
0.0030640470955386905,0.2876803551609323
0.003078232498758777,0.2876803551609323
0.003078232498758777,0.28967813540510545
0.00310660330519895,0.28967813540510545
0.00310660330519895,0.28990011098779134
0.0031349741116391233,0.28990011098779134
0.0031349741116391233,0.29056603773584905
0.0031633449180792964,0.29056603773584905
0.0031633449180792964,0.2910099889012209
0.003177530321299383,0.2910099889012209
0.003177530321299383,0.29123196448390676
0.0031917157245194695,0.29123196448390676
0.0031917157245194695,0.29411764705882354
0.003205901127739556,0.29411764705882354
0.003205901127739556,0.2958934517203108
0.0032200865309596426,0.2958934517203108
0.0032200865309596426,0.2981132075471698
0.0032484573373998157,0.2981132075471698
0.0032484573373998157,0.30033296337402887
0.003276828143839989,0.30033296337402887
0.003276828143839989,0.30055493895671476
0.0032910135470600754,0.30055493895671476
0.0032910135470600754,0.3009988901220866
0.003305198950280162,0.3009988901220866
0.003305198950280162,0.3018867924528302
0.003319384353500248,0.3018867924528302
0.003319384353500248,0.30277469478357383
0.0033335697567203346,0.30277469478357383
0.0033335697567203346,0.304550499445061
0.003347755159940421,0.304550499445061
0.003347755159940421,0.30477247502774696
0.0033619405631605077,0.30477247502774696
0.0033619405631605077,0.3074361820199778
0.0033761259663805943,0.3074361820199778
0.0033761259663805943,0.3081021087680355
0.003390311369600681,0.3081021087680355
0.003390311369600681,0.3087680355160932
0.0034044967728207674,0.3087680355160932
0.0034044967728207674,0.30921198668146505
0.003418682176040854,0.30921198668146505
0.003418682176040854,0.30943396226415093
0.003447052982481027,0.30943396226415093
0.003447052982481027,0.30987791342952276
0.0034612383857011136,0.30987791342952276
0.0034612383857011136,0.3103218645948946
0.0034754237889212,0.3103218645948946
0.0034754237889212,0.31209766925638177
0.0034896091921412867,0.31209766925638177
0.0034896091921412867,0.31276359600443954
0.0035179799985814598,0.31276359600443954
0.0035179799985814598,0.31342952275249725
0.0035321654018015463,0.31342952275249725
0.0035321654018015463,0.31431742508324084
0.003546350805021633,0.31431742508324084
0.003546350805021633,0.31520532741398444
0.0035605362082417194,0.31520532741398444
0.0035605362082417194,0.31564927857935626
0.003574721611461806,0.31564927857935626
0.003574721611461806,0.3167591564927858
0.0035889070146818925,0.3167591564927858
0.0035889070146818925,0.31786903440621533
0.0036030924179019787,0.31786903440621533
0.0036030924179019787,0.3180910099889012
0.0036314632243421518,0.3180910099889012
0.0036314632243421518,0.3183129855715871
0.0036456486275622383,0.3183129855715871
0.0036456486275622383,0.3189789123196448
0.003659834030782325,0.3189789123196448
0.003659834030782325,0.31920088790233075
0.0036740194340024114,0.31920088790233075
0.0036740194340024114,0.31986681465038846
0.003688204837222498,0.31986681465038846
0.003688204837222498,0.3203107658157603
0.0037023902404425845,0.3203107658157603
0.0037023902404425845,0.32075471698113206
0.003716575643662671,0.32075471698113206
0.003716575643662671,0.32586015538290786
0.0037307610468827576,0.32586015538290786
0.0037307610468827576,0.3260821309655938
0.003744946450102844,0.3260821309655938
0.003744946450102844,0.3269700332963374
0.0037591318533229307,0.3269700332963374
0.0037591318533229307,0.3283018867924528
0.0037733172565430173,0.3283018867924528
0.0037733172565430173,0.33007769145394006
0.003787502659763104,0.33007769145394006
0.003787502659763104,0.3305216426193119
0.003815873466203277,0.3305216426193119
0.003815873466203277,0.3318534961154273
0.0038300588694233635,0.3318534961154273
0.0038300588694233635,0.33296337402885684
0.0038584296758635366,0.33296337402885684
0.0038584296758635366,0.3331853496115427
0.003872615079083623,0.3331853496115427
0.003872615079083623,0.3347391786903441
0.0038868004823037093,0.3347391786903441
0.0038868004823037093,0.3360710321864595
0.003900985885523796,0.3360710321864595
0.003900985885523796,0.33784683684794675
0.003915171288743882,0.33784683684794675
0.003915171288743882,0.3382907880133185
0.003929356691963969,0.3382907880133185
0.003929356691963969,0.3391786903440622
0.0039435420951840555,0.3391786903440622
0.0039435420951840555,0.34095449500554936
0.003957727498404142,0.34095449500554936
0.003957727498404142,0.34827968923418423
0.003971912901624229,0.34827968923418423
0.003971912901624229,0.35027746947835736
0.003986098304844315,0.35027746947835736
0.003986098304844315,0.3504994450610433
0.004000283708064402,0.3504994450610433
0.004000283708064402,0.351165371809101
0.004014469111284488,0.351165371809101
0.004014469111284488,0.3516093229744728
0.004042839917724661,0.3516093229744728
0.004042839917724661,0.35227524972253055
0.0040712107241648345,0.35227524972253055
0.0040712107241648345,0.35360710321864597
0.004085396127384921,0.35360710321864597
0.004085396127384921,0.35449500554938956
0.0040995815306050076,0.35449500554938956
0.0040995815306050076,0.3551609322974473
0.004113766933825094,0.3551609322974473
0.004113766933825094,0.3560488346281909
0.004127952337045181,0.3560488346281909
0.004127952337045181,0.3571587125416204
0.004156323143485354,0.3571587125416204
0.004156323143485354,0.35760266370699223
0.004198879353145613,0.35760266370699223
0.004198879353145613,0.3578246392896781
0.0042130647563657,0.3578246392896781
0.0042130647563657,0.35804661487236406
0.0042272501595857865,0.35804661487236406
0.0042272501595857865,0.35893451720310765
0.00425562096602596,0.35893451720310765
0.00425562096602596,0.3598224195338513
0.004269806369246046,0.3598224195338513
0.004269806369246046,0.36026637069922307
0.004298177175686219,0.36026637069922307
0.004298177175686219,0.3615982241953385
0.004312362578906306,0.3615982241953385
0.004312362578906306,0.3622641509433962
0.004340733385346478,0.3622641509433962
0.004340733385346478,0.36337402885682574
0.004354918788566565,0.36337402885682574
0.004354918788566565,0.3635960044395117
0.004369104191786651,0.3635960044395117
0.004369104191786651,0.3649278579356271
0.004383289595006738,0.3649278579356271
0.004383289595006738,0.365149833518313
0.004411660401446911,0.365149833518313
0.004411660401446911,0.36537180910099887
0.004468402014327257,0.36537180910099887
0.004468402014327257,0.3655937846836848
0.004482587417547344,0.3655937846836848
0.004482587417547344,0.36670366259711434
0.004510958223987517,0.36670366259711434
0.004510958223987517,0.36759156492785794
0.004525143627207603,0.36759156492785794
0.004525143627207603,0.3678135405105438
0.00453932903042769,0.3678135405105438
0.00453932903042769,0.37114317425083243
0.004553514433647776,0.37114317425083243
0.004553514433647776,0.37180910099889014
0.004567699836867863,0.37180910099889014
0.004567699836867863,0.374472807991121
0.004596070643308036,0.374472807991121
0.004596070643308036,0.37691453940066594
0.004610256046528123,0.37691453940066594
0.004610256046528123,0.37735849056603776
0.004638626852968296,0.37735849056603776
0.004638626852968296,0.37780244173140953
0.004652812256188382,0.37780244173140953
0.004652812256188382,0.3780244173140955
0.004666997659408469,0.3780244173140955
0.004666997659408469,0.37824639289678136
0.004681183062628555,0.37824639289678136
0.004681183062628555,0.37891231964483907
0.004695368465848642,0.37891231964483907
0.004695368465848642,0.3793562708102109
0.0047095538690687284,0.3793562708102109
0.0047095538690687284,0.38113207547169814
0.004723739272288815,0.38113207547169814
0.004723739272288815,0.381354051054384
0.004752110078728988,0.381354051054384
0.004752110078728988,0.3822419533851276
0.004766295481949075,0.3822419533851276
0.004766295481949075,0.38246392896781356
0.004794666288389248,0.38246392896781356
0.004794666288389248,0.38290788013318533
0.004808851691609334,0.38290788013318533
0.004808851691609334,0.38335183129855716
0.004837222498049507,0.38335183129855716
0.004837222498049507,0.3857935627081021
0.004851407901269594,0.3857935627081021
0.004851407901269594,0.38690344062153165
0.0048655933044896805,0.38690344062153165
0.0048655933044896805,0.3873473917869034
0.004879778707709767,0.3873473917869034
0.004879778707709767,0.38779134295227524
0.004893964110929853,0.38779134295227524
0.004893964110929853,0.38845726970033295
0.004908149514149939,0.38845726970033295
0.004908149514149939,0.390677025527192
0.004922334917370026,0.390677025527192
0.004922334917370026,0.3915649278579356
0.004936520320590112,0.3915649278579356
0.004936520320590112,0.39200887902330744
0.0049648911270302855,0.39200887902330744
0.0049648911270302855,0.39245283018867927
0.004979076530250372,0.39245283018867927
0.004979076530250372,0.39334073251942286
0.004993261933470459,0.39334073251942286
0.004993261933470459,0.3951165371809101
0.005007447336690545,0.3951165371809101
0.005007447336690545,0.395338512763596
0.005035818143130718,0.395338512763596
0.005035818143130718,0.3960044395116537
0.005050003546350805,0.3960044395116537
0.005050003546350805,0.39778024417314095
0.0050925597560110645,0.39778024417314095
0.0050925597560110645,0.39844617092119866
0.005106745159231151,0.39844617092119866
0.005106745159231151,0.3988901220865705
0.005120930562451238,0.3988901220865705
0.005120930562451238,0.3997780244173141
0.005163486772111497,0.3997780244173141
0.005163486772111497,0.4
0.00519185757855167,0.4
0.00519185757855167,0.4002219755826859
0.005206042981771757,0.4002219755826859
0.005206042981771757,0.40066592674805773
0.0052202283849918435,0.40066592674805773
0.0052202283849918435,0.4017758046614872
0.00523441378821193,0.4017758046614872
0.00523441378821193,0.40221975582685904
0.005262784594652103,0.40221975582685904
0.005262784594652103,0.4039955604883463
0.005291155401092276,0.4039955604883463
0.005291155401092276,0.404661487236404
0.005319526207532449,0.404661487236404
0.005319526207532449,0.4051054384017758
0.005333711610752536,0.4051054384017758
0.005333711610752536,0.40688124306326307
0.005347897013972622,0.40688124306326307
0.005347897013972622,0.40710321864594895
0.005362082417192709,0.40710321864594895
0.005362082417192709,0.40865704772475026
0.005404638626852969,0.40865704772475026
0.005404638626852969,0.40932297447280797
0.005418824030073055,0.40932297447280797
0.005418824030073055,0.40998890122086573
0.005433009433293142,0.40998890122086573
0.005433009433293142,0.4104328523862375
0.005447194836513228,0.4104328523862375
0.005447194836513228,0.4108768035516093
0.005461380239733315,0.4108768035516093
0.005461380239733315,0.4110987791342952
0.005489751046173487,0.4110987791342952
0.005489751046173487,0.41132075471698115
0.005503936449393574,0.41132075471698115
0.005503936449393574,0.41243063263041063
0.005532307255833747,0.41243063263041063
0.005532307255833747,0.41265260821309657
0.005546492659053833,0.41265260821309657
0.005546492659053833,0.4133185349611543
0.005574863465494006,0.4133185349611543
0.005574863465494006,0.41354051054384017
0.005617419675154266,0.41354051054384017
0.005617419675154266,0.4142064372918979
0.005631605078374353,0.4142064372918979
0.005631605078374353,0.4144284128745838
0.005659975884814526,0.4144284128745838
0.005659975884814526,0.4146503884572697
0.005674161288034612,0.4146503884572697
0.005674161288034612,0.4148723640399556
0.005688346691254699,0.4148723640399556
0.005688346691254699,0.41509433962264153
0.005702532094474785,0.41509433962264153
0.005702532094474785,0.4159822419533851
0.005716717497694872,0.4159822419533851
0.005716717497694872,0.41664816870144283
0.0057309029009149585,0.41664816870144283
0.0057309029009149585,0.4168701442841287
0.005759273707355132,0.4168701442841287
0.005759273707355132,0.4182019977802442
0.005773459110575218,0.4182019977802442
0.005773459110575218,0.42064372918978915
0.005787644513795305,0.42064372918978915
0.005787644513795305,0.42175360710321863
0.005801829917015391,0.42175360710321863
0.005801829917015391,0.42219755826859046
0.005816015320235478,0.42219755826859046
0.005816015320235478,0.42241953385127634
0.005830200723455564,0.42241953385127634
0.005830200723455564,0.4226415094339623
0.005844386126675651,0.4226415094339623
0.005844386126675651,0.42286348501664817
0.0058585715298957374,0.42286348501664817
0.0058585715298957374,0.4244173140954495
0.005901127739555997,0.4244173140954495
0.005901127739555997,0.4261931187569367
0.005915313142776084,0.4261931187569367
0.005915313142776084,0.42641509433962266
0.00592949854599617,0.42641509433962266
0.00592949854599617,0.4268590455049944
0.005957869352436343,0.4268590455049944
0.005957869352436343,0.4284128745837958
0.00597205475565643,0.4284128745837958
0.00597205475565643,0.4286348501664817
0.006000425562096603,0.4286348501664817
0.006000425562096603,0.4293007769145394
0.0060146109653166895,0.4293007769145394
0.0060146109653166895,0.4297447280799112
0.006028796368536776,0.4297447280799112
0.006028796368536776,0.4299667036625971
0.006085537981417121,0.4299667036625971
0.006085537981417121,0.4306326304106548
0.006099723384637208,0.4306326304106548
0.006099723384637208,0.43240843507214205
0.0061139087878572945,0.43240843507214205
0.0061139087878572945,0.4328523862375139
0.006128094191077381,0.4328523862375139
0.006128094191077381,0.43307436182019976
0.006156464997517554,0.43307436182019976
0.006156464997517554,0.4339622641509434
0.006170650400737641,0.4339622641509434
0.006170650400737641,0.4344062153163152
0.006184835803957727,0.4344062153163152
0.006184835803957727,0.43529411764705883
0.006227392013617987,0.43529411764705883
0.006227392013617987,0.4377358490566038
0.0062415774168380735,0.4377358490566038
0.0062415774168380735,0.4388457269700333
0.00625576282005816,0.4388457269700333
0.00625576282005816,0.4397336293007769
0.006269948223278247,0.4397336293007769
0.006269948223278247,0.44017758046614874
0.00629831902971842,0.44017758046614874
0.00629831902971842,0.44039955604883463
0.006312504432938506,0.44039955604883463
0.006312504432938506,0.44084350721420645
0.006326689836158593,0.44084350721420645
0.006326689836158593,0.4412874583795782
0.006340875239378679,0.4412874583795782
0.006340875239378679,0.44195338512763593
0.006355060642598766,0.44195338512763593
0.006355060642598766,0.4421753607103219
0.0063692460458188525,0.4421753607103219
0.0063692460458188525,0.44239733629300776
0.006397616852259026,0.44239733629300776
0.006397616852259026,0.4428412874583796
0.006425987658699199,0.4428412874583796
0.006425987658699199,0.4432852386237514
0.006440173061919285,0.4432852386237514
0.006440173061919285,0.4435072142064373
0.006468543868359458,0.4435072142064373
0.006468543868359458,0.44461709211986683
0.006482729271579545,0.44461709211986683
0.006482729271579545,0.4448390677025527
0.0065252854812398045,0.4448390677025527
0.0065252854812398045,0.4463928967813541
0.006539470884459891,0.4463928967813541
0.006539470884459891,0.44683684794672585
0.006553656287679978,0.44683684794672585
0.006553656287679978,0.4477247502774695
0.006567841690900064,0.4477247502774695
0.006567841690900064,0.44816870144284127
0.006582027094120151,0.44816870144284127
0.006582027094120151,0.4492785793562708
0.0066245833037804095,0.4492785793562708
0.0066245833037804095,0.4497225305216426
0.006667139513440669,0.4497225305216426
0.006667139513440669,0.45016648168701445
0.006681324916660756,0.45016648168701445
0.006681324916660756,0.4506104328523862
0.006709695723100929,0.4506104328523862
0.006709695723100929,0.45105438401775805
0.006723881126321015,0.45105438401775805
0.006723881126321015,0.45172031076581576
0.006738066529541102,0.45172031076581576
0.006738066529541102,0.45394006659267483
0.006808993545641535,0.45394006659267483
0.006808993545641535,0.4541620421753607
0.006823178948861621,0.4541620421753607
0.006823178948861621,0.455715871254162
0.006837364352081708,0.455715871254162
0.006837364352081708,0.45638179800221973
0.006851549755301794,0.45638179800221973
0.006851549755301794,0.45660377358490567
0.0068799205617419675,0.45660377358490567
0.0068799205617419675,0.45749167591564927
0.006894105964962054,0.45749167591564927
0.006894105964962054,0.4577136514983352
0.006908291368182141,0.4577136514983352
0.006908291368182141,0.4583795782463929
0.006922476771402227,0.4583795782463929
0.006922476771402227,0.4594894561598224
0.006936662174622314,0.4594894561598224
0.006936662174622314,0.4599334073251942
0.00699340378750266,0.4599334073251942
0.00699340378750266,0.46059933407325193
0.0070075891907227465,0.46059933407325193
0.0070075891907227465,0.46082130965593787
0.007021774593942833,0.46082130965593787
0.007021774593942833,0.46104328523862376
0.007064330803603093,0.46104328523862376
0.007064330803603093,0.4621531631520533
0.007078516206823179,0.4621531631520533
0.007078516206823179,0.4623751387347392
0.007092701610043266,0.4623751387347392
0.007092701610043266,0.46259711431742506
0.007106887013263352,0.46259711431742506
0.007106887013263352,0.4630410654827969
0.007121072416483439,0.4630410654827969
0.007121072416483439,0.4632630410654828
0.0071636286261436985,0.4632630410654828
0.0071636286261436985,0.4634850166481687
0.007177814029363785,0.4634850166481687
0.007177814029363785,0.46481687014428413
0.007206184835803957,0.46481687014428413
0.007206184835803957,0.46526082130965596
0.007248741045464217,0.46526082130965596
0.007248741045464217,0.46548279689234184
0.00727711185190439,0.46548279689234184
0.00727711185190439,0.46570477247502773
0.007291297255124477,0.46570477247502773
0.007291297255124477,0.46592674805771367
0.007305482658344563,0.46592674805771367
0.007305482658344563,0.46681465038845726
0.007333853464784736,0.46681465038845726
0.007333853464784736,0.46703662597114315
0.007348038868004823,0.46703662597114315
0.007348038868004823,0.4694783573806881
0.007362224271224909,0.4694783573806881
0.007362224271224909,0.46970033296337405
0.007376409674444996,0.46970033296337405
0.007376409674444996,0.46992230854605993
0.0073905950776650825,0.46992230854605993
0.0073905950776650825,0.47058823529411764
0.007418965884105256,0.47058823529411764
0.007418965884105256,0.47103218645948947
0.007447336690545429,0.47103218645948947
0.007447336690545429,0.4714761376248613
0.007475707496985602,0.4714761376248613
0.007475707496985602,0.4736958934517203
0.007489892900205688,0.4736958934517203
0.007489892900205688,0.474361820199778
0.007504078303425775,0.474361820199778
0.007504078303425775,0.4750277469478357
0.0075182637066458615,0.4750277469478357
0.0075182637066458615,0.47524972253052167
0.007560819916306121,0.47524972253052167
0.007560819916306121,0.47547169811320755
0.007575005319526208,0.47547169811320755
0.007575005319526208,0.47569367369589344
0.007589190722746294,0.47569367369589344
0.007589190722746294,0.47613762486126526
0.007603376125966381,0.47613762486126526
0.007603376125966381,0.4772475027746948
0.007631746932406554,0.4772475027746948
0.007631746932406554,0.4774694783573807
0.007660117738846727,0.4774694783573807
0.007660117738846727,0.47769145394006657
0.0076743031420668135,0.47769145394006657
0.0076743031420668135,0.4785793562708102
0.0076884885452869,0.4785793562708102
0.0076884885452869,0.47902330743618204
0.00773104475494716,0.47902330743618204
0.00773104475494716,0.47924528301886793
0.007759415561387333,0.47924528301886793
0.007759415561387333,0.4801331853496115
0.0077736009646074185,0.4801331853496115
0.0077736009646074185,0.4810210876803552
0.007787786367827505,0.4810210876803552
0.007787786367827505,0.48124306326304106
0.007801971771047592,0.48124306326304106
0.007801971771047592,0.4825749167591565
0.007830342577487765,0.4825749167591565
0.007830342577487765,0.4827968923418424
0.007844527980707852,0.4827968923418424
0.007844527980707852,0.4843507214206437
0.007858713383927938,0.4843507214206437
0.007858713383927938,0.48612652608213097
0.007872898787148025,0.48612652608213097
0.007872898787148025,0.48634850166481686
0.007901269593588198,0.48634850166481686
0.007901269593588198,0.48701442841287457
0.007929640400028371,0.48701442841287457
0.007929640400028371,0.4876803551609323
0.007943825803248457,0.4876803551609323
0.007943825803248457,0.4881243063263041
0.007958011206468545,0.4881243063263041
0.007958011206468545,0.4887902330743618
0.007986382012908718,0.4887902330743618
0.007986382012908718,0.4903440621531632
0.008000567416128803,0.4903440621531632
0.008000567416128803,0.49078801331853494
0.00801475281934889,0.49078801331853494
0.00801475281934889,0.4923418423973363
0.008028938222568976,0.4923418423973363
0.008028938222568976,0.49278579356270813
0.008043123625789064,0.49278579356270813
0.008043123625789064,0.493007769145394
0.008071494432229235,0.493007769145394
0.008071494432229235,0.49345172031076584
0.008085679835449323,0.49345172031076584
0.008085679835449323,0.4938956714761376
0.008099865238669408,0.4938956714761376
0.008099865238669408,0.49433962264150944
0.008128236045109581,0.49433962264150944
0.008128236045109581,0.49544950055493897
0.008142421448329669,0.49544950055493897
0.008142421448329669,0.49633740288568257
0.008156606851549755,0.49633740288568257
0.008156606851549755,0.4981132075471698
0.008199163061210015,0.4981132075471698
0.008199163061210015,0.49855715871254164
0.008241719270870274,0.49855715871254164
0.008241719270870274,0.49922308546059935
0.008270090077310447,0.49922308546059935
0.008270090077310447,0.49944506104328523
0.008284275480530534,0.49944506104328523
0.008284275480530534,0.4996670366259711
0.00829846088375062,0.4996670366259711
0.00829846088375062,0.5009988901220865
0.008312646286970708,0.5009988901220865
0.008312646286970708,0.5012208657047724
0.008355202496630966,0.5012208657047724
0.008355202496630966,0.5014428412874584
0.00838357330307114,0.5014428412874584
0.00838357330307114,0.5018867924528302
0.008397758706291227,0.5018867924528302
0.008397758706291227,0.5027746947835738
0.008411944109511313,0.5027746947835738
0.008411944109511313,0.5032186459489456
0.008440314915951486,0.5032186459489456
0.008440314915951486,0.5034406215316315
0.008468685722391659,0.5034406215316315
0.008468685722391659,0.504550499445061
0.008482871125611746,0.504550499445061
0.008482871125611746,0.5047724750277469
0.00851124193205192,0.5047724750277469
0.00851124193205192,0.5056603773584906
0.008525427335272005,0.5056603773584906
0.008525427335272005,0.5061043285238623
0.008539612738492092,0.5061043285238623
0.008539612738492092,0.5067702552719201
0.008553798141712178,0.5067702552719201
0.008553798141712178,0.5089900110987792
0.008596354351372439,0.5089900110987792
0.008596354351372439,0.5092119866814651
0.008653095964252783,0.5092119866814651
0.008653095964252783,0.5094339622641509
0.008681466770692956,0.5094339622641509
0.008681466770692956,0.5098779134295227
0.008738208383573302,0.5098779134295227
0.008738208383573302,0.5112097669256381
0.00875239378679339,0.5112097669256381
0.00875239378679339,0.51165371809101
0.008766579190013475,0.51165371809101
0.008766579190013475,0.5120976692563818
0.008780764593233563,0.5120976692563818
0.008780764593233563,0.5123196448390677
0.008794949996453649,0.5123196448390677
0.008794949996453649,0.5125416204217536
0.008837506206113909,0.5125416204217536
0.008837506206113909,0.5132075471698113
0.008865877012554082,0.5132075471698113
0.008865877012554082,0.5136514983351831
0.008880062415774168,0.5136514983351831
0.008880062415774168,0.5138734739178691
0.008894247818994255,0.5138734739178691
0.008894247818994255,0.5147613762486126
0.008908433222214341,0.5147613762486126
0.008908433222214341,0.5149833518312985
0.008922618625434428,0.5149833518312985
0.008922618625434428,0.5154273029966704
0.008965174835094687,0.5154273029966704
0.008965174835094687,0.5167591564927858
0.00899354564153486,0.5167591564927858
0.00899354564153486,0.5169811320754717
0.00903610185119512,0.5169811320754717
0.00903610185119512,0.5174250832408435
0.009050287254415207,0.5174250832408435
0.009050287254415207,0.5183129855715871
0.00907865806085538,0.5183129855715871
0.00907865806085538,0.5189789123196449
0.009107028867295553,0.5189789123196449
0.009107028867295553,0.5200887902330744
0.009135399673735726,0.5200887902330744
0.009135399673735726,0.5203107658157603
0.009177955883395986,0.5203107658157603
0.009177955883395986,0.5205327413984462
0.009206326689836158,0.5205327413984462
0.009206326689836158,0.5207547169811321
0.009248882899496418,0.5207547169811321
0.009248882899496418,0.5211986681465038
0.009263068302716504,0.5211986681465038
0.009263068302716504,0.5214206437291898
0.009291439109156677,0.5214206437291898
0.009291439109156677,0.5218645948945616
0.00931980991559685,0.5218645948945616
0.00931980991559685,0.5223085460599334
0.009333995318816938,0.5223085460599334
0.009333995318816938,0.5225305216426193
0.009348180722037023,0.5225305216426193
0.009348180722037023,0.5227524972253053
0.00936236612525711,0.5227524972253053
0.00936236612525711,0.5229744728079911
0.009433293141357543,0.5229744728079911
0.009433293141357543,0.5240843507214207
0.00944747854457763,0.5240843507214207
0.00944747854457763,0.5249722530521642
0.009461663947797716,0.5249722530521642
0.009461663947797716,0.5254162042175361
0.009518405560678062,0.5254162042175361
0.009518405560678062,0.525638179800222
0.009546776367118235,0.525638179800222
0.009546776367118235,0.5260821309655938
0.009575147173558408,0.5260821309655938
0.009575147173558408,0.5271920088790233
0.009589332576778496,0.5271920088790233
0.009589332576778496,0.5283018867924528
0.009603517979998581,0.5283018867924528
0.009603517979998581,0.5285238623751387
0.009631888786438754,0.5285238623751387
0.009631888786438754,0.5287458379578246
0.009660259592878927,0.5287458379578246
0.009660259592878927,0.5289678135405106
0.009674444996099015,0.5289678135405106
0.009674444996099015,0.5296337402885682
0.0096886303993191,0.5296337402885682
0.0096886303993191,0.5298557158712541
0.009717001205759274,0.5298557158712541
0.009717001205759274,0.530299667036626
0.009731186608979361,0.530299667036626
0.009731186608979361,0.5307436182019978
0.009745372012199447,0.5307436182019978
0.009745372012199447,0.5309655937846837
0.009759557415419534,0.5309655937846837
0.009759557415419534,0.5316315205327414
0.009787928221859706,0.5316315205327414
0.009787928221859706,0.5318534961154273
0.009816299028299879,0.5318534961154273
0.009816299028299879,0.532519422863485
0.009830484431519966,0.532519422863485
0.009830484431519966,0.5329633740288569
0.009887226044400312,0.5329633740288569
0.009887226044400312,0.5338512763596004
0.009958153060500744,0.5338512763596004
0.009958153060500744,0.5342952275249723
0.009972338463720832,0.5342952275249723
0.009972338463720832,0.534739178690344
0.010000709270161005,0.534739178690344
0.010000709270161005,0.5351831298557159
0.010043265479821263,0.5351831298557159
0.010043265479821263,0.5354051054384018
0.010057450883041351,0.5354051054384018
0.010057450883041351,0.5360710321864595
0.010071636286261437,0.5360710321864595
0.010071636286261437,0.5389567147613763
0.010085821689481524,0.5389567147613763
0.010085821689481524,0.5391786903440622
0.010114192495921697,0.5391786903440622
0.010114192495921697,0.539622641509434
0.010156748705581956,0.539622641509434
0.010156748705581956,0.5413984461709211
0.010284417334562736,0.5413984461709211
0.010284417334562736,0.5420643729189789
0.010312788141002909,0.5420643729189789
0.010312788141002909,0.5427302996670367
0.010355344350663168,0.5427302996670367
0.010355344350663168,0.5429522752497226
0.01038371515710334,0.5429522752497226
0.01038371515710334,0.5438401775804661
0.010397900560323426,0.5438401775804661
0.010397900560323426,0.5445061043285239
0.010412085963543514,0.5445061043285239
0.010412085963543514,0.5447280799112098
0.01046882757642386,0.5447280799112098
0.01046882757642386,0.5449500554938956
0.010497198382864033,0.5449500554938956
0.010497198382864033,0.5458379578246393
0.010511383786084119,0.5458379578246393
0.010511383786084119,0.5460599334073252
0.010568125398964465,0.5460599334073252
0.010568125398964465,0.5462819089900111
0.010582310802184552,0.5462819089900111
0.010582310802184552,0.546503884572697
0.010596496205404638,0.546503884572697
0.010596496205404638,0.5478357380688125
0.010624867011844811,0.5478357380688125
0.010624867011844811,0.5480577136514984
0.010653237818284984,0.5480577136514984
0.010653237818284984,0.5493895671476138
0.010667423221505072,0.5493895671476138
0.010667423221505072,0.5502774694783574
0.010681608624725157,0.5502774694783574
0.010681608624725157,0.5504994450610433
0.010695794027945245,0.5504994450610433
0.010695794027945245,0.5509433962264151
0.01070997943116533,0.5509433962264151
0.01070997943116533,0.5513873473917869
0.010738350237605504,0.5513873473917869
0.010738350237605504,0.5516093229744728
0.010752535640825591,0.5516093229744728
0.010752535640825591,0.5518312985571587
0.010766721044045677,0.5518312985571587
0.010766721044045677,0.5522752497225305
0.010809277253705937,0.5522752497225305
0.010809277253705937,0.5527192008879024
0.010823462656926023,0.5527192008879024
0.010823462656926023,0.5529411764705883
0.01083764806014611,0.5529411764705883
0.01083764806014611,0.5542730299667037
0.010866018866586283,0.5542730299667037
0.010866018866586283,0.5549389567147613
0.01088020426980637,0.5549389567147613
0.01088020426980637,0.5551609322974472
0.010908575076246542,0.5551609322974472
0.010908575076246542,0.5560488346281909
0.010936945882686715,0.5560488346281909
0.010936945882686715,0.5571587125416204
0.011022058302007235,0.5571587125416204
0.011022058302007235,0.5573806881243063
0.011050429108447408,0.5573806881243063
0.011050429108447408,0.55826859045505
0.011064614511667493,0.55826859045505
0.011064614511667493,0.5584905660377358
0.011092985318107667,0.5584905660377358
0.011092985318107667,0.5587125416204217
0.011107170721327754,0.5587125416204217
0.011107170721327754,0.5596004439511654
0.011149726930988013,0.5596004439511654
0.011149726930988013,0.5600443951165371
0.0111639123342081,0.5600443951165371
0.0111639123342081,0.5607103218645949
0.011178097737428186,0.5607103218645949
0.011178097737428186,0.5611542730299667
0.011192283140648273,0.5611542730299667
0.011192283140648273,0.5618201997780244
0.011206468543868359,0.5618201997780244
0.011206468543868359,0.5620421753607103
0.011220653947088446,0.5620421753607103
0.011220653947088446,0.562930077691454
0.01124902475352862,0.562930077691454
0.01124902475352862,0.5638179800221975
0.011263210156748705,0.5638179800221975
0.011263210156748705,0.5642619311875694
0.011277395559968793,0.5642619311875694
0.011277395559968793,0.5644839067702553
0.011291580963188878,0.5644839067702553
0.011291580963188878,0.5651498335183129
0.011305766366408966,0.5651498335183129
0.011305766366408966,0.5658157602663707
0.011319951769629051,0.5658157602663707
0.011319951769629051,0.5664816870144284
0.011334137172849139,0.5664816870144284
0.011334137172849139,0.5675915649278579
0.01140506418894957,0.5675915649278579
0.01140506418894957,0.5691453940066593
0.011419249592169658,0.5691453940066593
0.011419249592169658,0.569811320754717
0.011461805801829917,0.569811320754717
0.011461805801829917,0.5700332963374029
0.01149017660827009,0.5700332963374029
0.01149017660827009,0.5702552719200887
0.011504362011490176,0.5702552719200887
0.011504362011490176,0.5711431742508324
0.011518547414710263,0.5711431742508324
0.011518547414710263,0.5713651498335183
0.011532732817930349,0.5713651498335183
0.011532732817930349,0.5715871254162043
0.011589474430810695,0.5715871254162043
0.011589474430810695,0.572031076581576
0.011617845237250868,0.572031076581576
0.011617845237250868,0.5724750277469478
0.011632030640470956,0.5724750277469478
0.011632030640470956,0.5726970033296337
0.011646216043691041,0.5726970033296337
0.011646216043691041,0.5731409544950056
0.011674586850131214,0.5731409544950056
0.011674586850131214,0.5733629300776915
0.011702957656571387,0.5733629300776915
0.011702957656571387,0.5740288568257492
0.01173132846301156,0.5740288568257492
0.01173132846301156,0.5742508324084351
0.011745513866231648,0.5742508324084351
0.011745513866231648,0.5751387347391786
0.011759699269451734,0.5751387347391786
0.011759699269451734,0.5753607103218646
0.011773884672671821,0.5753607103218646
0.011773884672671821,0.5764705882352941
0.011788070075891907,0.5764705882352941
0.011788070075891907,0.5775804661487236
0.011830626285552167,0.5775804661487236
0.011830626285552167,0.5778024417314096
0.011873182495212426,0.5778024417314096
0.011873182495212426,0.5786903440621531
0.0119015533016526,0.5786903440621531
0.0119015533016526,0.5798002219755827
0.011929924108092772,0.5798002219755827
0.011929924108092772,0.5804661487236404
0.01194410951131286,0.5804661487236404
0.01194410951131286,0.5811320754716981
0.011958294914532945,0.5811320754716981
0.011958294914532945,0.581354051054384
0.011972480317753033,0.581354051054384
0.011972480317753033,0.58157602663707
0.011986665720973119,0.58157602663707
0.011986665720973119,0.5820199778024417
0.012015036527413292,0.5820199778024417
0.012015036527413292,0.5822419533851276
0.012043407333853465,0.5822419533851276
0.012043407333853465,0.5824639289678135
0.012085963543513724,0.5824639289678135
0.012085963543513724,0.5829078801331854
0.012100148946733811,0.5829078801331854
0.012100148946733811,0.5831298557158713
0.012114334349953897,0.5831298557158713
0.012114334349953897,0.5833518312985572
0.012128519753173984,0.5833518312985572
0.012128519753173984,0.583573806881243
0.01218526136605433,0.583573806881243
0.01218526136605433,0.5840177580466148
0.012213632172494503,0.5840177580466148
0.012213632172494503,0.5842397336293008
0.012227817575714589,0.5842397336293008
0.012227817575714589,0.5844617092119867
0.012242002978934676,0.5844617092119867
0.012242002978934676,0.5855715871254162
0.012284559188594935,0.5855715871254162
0.012284559188594935,0.586015538290788
0.012327115398255196,0.586015538290788
0.012327115398255196,0.5864594894561598
0.012341300801475281,0.5864594894561598
0.012341300801475281,0.5866814650388458
0.012398042414355628,0.5866814650388458
0.012398042414355628,0.5871254162042175
0.012412227817575715,0.5871254162042175
0.012412227817575715,0.588457269700333
0.012454784027235974,0.588457269700333
0.012454784027235974,0.5886792452830188
0.01251152564011632,0.5886792452830188
0.01251152564011632,0.5891231964483907
0.012539896446556493,0.5891231964483907
0.012539896446556493,0.5893451720310766
0.01255408184977658,0.5893451720310766
0.01255408184977658,0.5902330743618202
0.012582452656216754,0.5902330743618202
0.012582452656216754,0.5915649278579356
0.01259663805943684,0.5915649278579356
0.01259663805943684,0.5917869034406216
0.012610823462656927,0.5917869034406216
0.012610823462656927,0.593118756936737
0.012625008865877013,0.593118756936737
0.012625008865877013,0.5933407325194229
0.0126391942690971,0.5933407325194229
0.0126391942690971,0.5937846836847946
0.012710121285197532,0.5937846836847946
0.012710121285197532,0.5942286348501665
0.012724306688417618,0.5942286348501665
0.012724306688417618,0.5944506104328524
0.012738492091637705,0.5944506104328524
0.012738492091637705,0.5948945615982242
0.01275267749485779,0.5948945615982242
0.01275267749485779,0.5951165371809101
0.012766862898077878,0.5951165371809101
0.012766862898077878,0.595338512763596
0.012781048301297964,0.595338512763596
0.012781048301297964,0.5960044395116537
0.012795233704518051,0.5960044395116537
0.012795233704518051,0.5962264150943396
0.012809419107738137,0.5962264150943396
0.012809419107738137,0.5964483906770255
0.012823604510958224,0.5964483906770255
0.012823604510958224,0.5971143174250833
0.01283778991417831,0.5971143174250833
0.01283778991417831,0.5973362930077691
0.012866160720618483,0.5973362930077691
0.012866160720618483,0.597558268590455
0.012908716930278744,0.597558268590455
0.012908716930278744,0.5977802441731409
0.01292290233349883,0.5977802441731409
0.01292290233349883,0.5984461709211987
0.012951273139939002,0.5984461709211987
0.012951273139939002,0.5986681465038846
0.01296545854315909,0.5986681465038846
0.01296545854315909,0.6006659267480577
0.012993829349599263,0.6006659267480577
0.012993829349599263,0.6008879023307436
0.013036385559259522,0.6008879023307436
0.013036385559259522,0.6017758046614873
0.013050570962479609,0.6017758046614873
0.013050570962479609,0.6019977802441732
0.013093127172139868,0.6019977802441732
0.013093127172139868,0.602219755826859
0.013135683381800128,0.602219755826859
0.013135683381800128,0.6026637069922308
0.013149868785020214,0.6026637069922308
0.013149868785020214,0.6033296337402886
0.013192424994680475,0.6033296337402886
0.013192424994680475,0.6048834628190899
0.01320661039790056,0.6048834628190899
0.01320661039790056,0.6055493895671477
0.013220795801120648,0.6055493895671477
0.013220795801120648,0.6057713651498335
0.013234981204340733,0.6057713651498335
0.013234981204340733,0.6066592674805772
0.013263352010780907,0.6066592674805772
0.013263352010780907,0.6068812430632631
0.013277537414000992,0.6068812430632631
0.013277537414000992,0.607103218645949
0.013320093623661253,0.607103218645949
0.013320093623661253,0.6077691453940066
0.013391020639761685,0.6077691453940066
0.013391020639761685,0.6079911209766926
0.013405206042981772,0.6079911209766926
0.013405206042981772,0.6086570477247503
0.013433576849421945,0.6086570477247503
0.013433576849421945,0.609322974472808
0.01344776225264203,0.609322974472808
0.01344776225264203,0.6104328523862376
0.013461947655862118,0.6104328523862376
0.013461947655862118,0.6113207547169811
0.013476133059082204,0.6113207547169811
0.013476133059082204,0.611764705882353
0.013490318462302291,0.611764705882353
0.013490318462302291,0.6122086570477248
0.013504503865522377,0.6122086570477248
0.013504503865522377,0.6128745837957824
0.013518689268742464,0.6128745837957824
0.013518689268742464,0.6133185349611543
0.01353287467196255,0.6133185349611543
0.01353287467196255,0.6135405105438402
0.013632172494503157,0.6135405105438402
0.013632172494503157,0.6150943396226415
0.01366054330094333,0.6150943396226415
0.01366054330094333,0.6155382907880134
0.013717284913823676,0.6155382907880134
0.013717284913823676,0.6157602663706992
0.013830768139584367,0.6157602663706992
0.013830768139584367,0.6170921198668147
0.013844953542804454,0.6170921198668147
0.013844953542804454,0.6175360710321864
0.01385913894602454,0.6175360710321864
0.01385913894602454,0.6177580466148723
0.013887509752464713,0.6177580466148723
0.013887509752464713,0.6179800221975583
0.013930065962124974,0.6179800221975583
0.013930065962124974,0.6193118756936737
0.01394425136534506,0.6193118756936737
0.01394425136534506,0.6195338512763596
0.013972622171785232,0.6195338512763596
0.013972622171785232,0.6197558268590455
0.01398680757500532,0.6197558268590455
0.01398680757500532,0.6201997780244173
0.014000992978225405,0.6201997780244173
0.014000992978225405,0.6206437291897892
0.014029363784665579,0.6206437291897892
0.014029363784665579,0.6210876803551609
0.014043549187885666,0.6210876803551609
0.014043549187885666,0.6213096559378468
0.014057734591105752,0.6213096559378468
0.014057734591105752,0.6215316315205327
0.014142847010426271,0.6215316315205327
0.014142847010426271,0.6221975582685905
0.014157032413646358,0.6221975582685905
0.014157032413646358,0.6226415094339622
0.014171217816866444,0.6226415094339622
0.014171217816866444,0.6230854605993341
0.014199588623306617,0.6230854605993341
0.014199588623306617,0.6244173140954495
0.014213774026526705,0.6244173140954495
0.014213774026526705,0.6250832408435072
0.014242144832966878,0.6250832408435072
0.014242144832966878,0.6253052164261931
0.014256330236186963,0.6253052164261931
0.014256330236186963,0.6266370699223085
0.01427051563940705,0.6266370699223085
0.01427051563940705,0.6268590455049945
0.014298886445847224,0.6268590455049945
0.014298886445847224,0.6275249722530521
0.01431307184906731,0.6275249722530521
0.01431307184906731,0.6281908990011099
0.014327257252287397,0.6281908990011099
0.014327257252287397,0.6284128745837958
0.014341442655507483,0.6284128745837958
0.014341442655507483,0.6293007769145395
0.014426555074828002,0.6293007769145395
0.014426555074828002,0.6295227524972253
0.014454925881268175,0.6295227524972253
0.014454925881268175,0.630188679245283
0.01446911128448826,0.630188679245283
0.01446911128448826,0.6304106548279689
0.014525852897368607,0.6304106548279689
0.014525852897368607,0.6306326304106549
0.014568409107028868,0.6306326304106549
0.014568409107028868,0.6312985571587125
0.014582594510248953,0.6312985571587125
0.014582594510248953,0.6317425083240843
0.014625150719909214,0.6317425083240843
0.014625150719909214,0.6324084350721421
0.014667706929569473,0.6324084350721421
0.014667706929569473,0.632630410654828
0.01468189233278956,0.632630410654828
0.01468189233278956,0.6335183129855716
0.014710263139229733,0.6335183129855716
0.014710263139229733,0.6341842397336293
0.014724448542449819,0.6341842397336293
0.014724448542449819,0.6344062153163152
0.01476700475211008,0.6344062153163152
0.01476700475211008,0.6346281908990011
0.014781190155330165,0.6346281908990011
0.014781190155330165,0.634850166481687
0.014823746364990426,0.634850166481687
0.014823746364990426,0.6355160932297448
0.014852117171430599,0.6355160932297448
0.014852117171430599,0.6357380688124307
0.014880487977870772,0.6357380688124307
0.014880487977870772,0.6361820199778024
0.014894673381090857,0.6361820199778024
0.014894673381090857,0.6364039955604883
0.014908858784310945,0.6364039955604883
0.014908858784310945,0.637291897891232
0.01492304418753103,0.637291897891232
0.01492304418753103,0.6377358490566037
0.014951414993971204,0.6377358490566037
0.014951414993971204,0.6381798002219756
0.014979785800411377,0.6381798002219756
0.014979785800411377,0.6384017758046615
0.015022342010071636,0.6384017758046615
0.015022342010071636,0.6386237513873474
0.015036527413291723,0.6386237513873474
0.015036527413291723,0.6388457269700333
0.015064898219731896,0.6388457269700333
0.015064898219731896,0.6390677025527192
0.015079083622951982,0.6390677025527192
0.015079083622951982,0.639511653718091
0.015107454429392155,0.639511653718091
0.015107454429392155,0.6397336293007769
0.015121639832612242,0.6397336293007769
0.015121639832612242,0.6399556048834628
0.015150010639052415,0.6399556048834628
0.015150010639052415,0.6406215316315206
0.015178381445492588,0.6406215316315206
0.015178381445492588,0.6415094339622641
0.015192566848712674,0.6415094339622641
0.015192566848712674,0.64173140954495
0.015263493864813108,0.64173140954495
0.015263493864813108,0.6421753607103219
0.015277679268033193,0.6421753607103219
0.015277679268033193,0.6423973362930078
0.015291864671253281,0.6423973362930078
0.015291864671253281,0.6428412874583795
0.015320235477693454,0.6428412874583795
0.015320235477693454,0.6430632630410655
0.01533442088091354,0.6430632630410655
0.01533442088091354,0.6432852386237514
0.015348606284133627,0.6432852386237514
0.015348606284133627,0.6439511653718091
0.015362791687353713,0.6439511653718091
0.015362791687353713,0.644173140954495
0.015391162493793886,0.644173140954495
0.015391162493793886,0.6450610432852386
0.015405347897013973,0.6450610432852386
0.015405347897013973,0.6452830188679245
0.015419533300234059,0.6452830188679245
0.015419533300234059,0.6455049944506104
0.015433718703454146,0.6455049944506104
0.015433718703454146,0.6457269700332964
0.015447904106674232,0.6457269700332964
0.015447904106674232,0.6459489456159823
0.01546208950989432,0.6459489456159823
0.01546208950989432,0.6461709211986681
0.015476274913114405,0.6461709211986681
0.015476274913114405,0.646392896781354
0.015490460316334493,0.646392896781354
0.015490460316334493,0.6468368479467259
0.015518831122774666,0.6468368479467259
0.015518831122774666,0.6481687014428413
0.015533016525994751,0.6481687014428413
0.015533016525994751,0.6483906770255272
0.015547201929214837,0.6483906770255272
0.015547201929214837,0.6486126526082131
0.01557557273565501,0.6486126526082131
0.01557557273565501,0.648834628190899
0.015603943542095183,0.648834628190899
0.015603943542095183,0.6495005549389568
0.015632314348535358,0.6495005549389568
0.015632314348535358,0.6497225305216426
0.015674870558195615,0.6497225305216426
0.015674870558195615,0.6499445061043285
0.015774168380736222,0.6499445061043285
0.015774168380736222,0.6501664816870144
0.015788353783956308,0.6501664816870144
0.015788353783956308,0.6503884572697003
0.015802539187176397,0.6503884572697003
0.015802539187176397,0.6506104328523863
0.015816724590396482,0.6506104328523863
0.015816724590396482,0.6514983351831298
0.015845095396836654,0.6514983351831298
0.015845095396836654,0.6526082130965594
0.015859280800056743,0.6526082130965594
0.015859280800056743,0.6528301886792452
0.015887651606496914,0.6528301886792452
0.015887651606496914,0.6530521642619311
0.015901837009717,0.6530521642619311
0.015901837009717,0.6532741398446171
0.01591602241293709,0.6532741398446171
0.01591602241293709,0.6537180910099889
0.015958578622597346,0.6537180910099889
0.015958578622597346,0.6539400665926748
0.015972764025817435,0.6539400665926748
0.015972764025817435,0.6541620421753607
0.016015320235477692,0.6541620421753607
0.016015320235477692,0.6543840177580467
0.01602950563869778,0.6543840177580467
0.01602950563869778,0.6546059933407326
0.016057876445137953,0.6546059933407326
0.016057876445137953,0.6548279689234184
0.016086247251578128,0.6548279689234184
0.016086247251578128,0.6550499445061043
0.0161146180580183,0.6550499445061043
0.0161146180580183,0.6552719200887902
0.016128803461238385,0.6552719200887902
0.016128803461238385,0.6557158712541621
0.01615717426767856,0.6557158712541621
0.01615717426767856,0.655937846836848
0.016171359670898645,0.655937846836848
0.016171359670898645,0.6561598224195339
0.016199730477338817,0.6561598224195339
0.016199730477338817,0.6566037735849056
0.016213915880558906,0.6566037735849056
0.016213915880558906,0.6570477247502775
0.016242286686999077,0.6570477247502775
0.016242286686999077,0.6572697003329634
0.016256472090219163,0.6572697003329634
0.016256472090219163,0.6574916759156493
0.016270657493439252,0.6574916759156493
0.016270657493439252,0.6577136514983352
0.016284842896659338,0.6577136514983352
0.016284842896659338,0.657935627081021
0.016299028299879424,0.657935627081021
0.016299028299879424,0.6588235294117647
0.01631321370309951,0.6588235294117647
0.01631321370309951,0.6590455049944506
0.016341584509539684,0.6590455049944506
0.016341584509539684,0.6594894561598225
0.01635576991275977,0.6594894561598225
0.01635576991275977,0.6597114317425083
0.01639832612242003,0.6597114317425083
0.01639832612242003,0.6601553829078801
0.016412511525640116,0.6601553829078801
0.016412511525640116,0.6605993340732519
0.0164266969288602,0.6605993340732519
0.0164266969288602,0.6612652608213097
0.01644088233208029,0.6612652608213097
0.01644088233208029,0.6614872364039955
0.016455067735300376,0.6614872364039955
0.016455067735300376,0.6617092119866814
0.016497623944960637,0.6617092119866814
0.016497623944960637,0.6621531631520533
0.016511809348180723,0.6621531631520533
0.016511809348180723,0.6623751387347392
0.016554365557840983,0.6623751387347392
0.016554365557840983,0.662819089900111
0.01656855096106107,0.662819089900111
0.01656855096106107,0.6630410654827968
0.016582736364281155,0.6630410654827968
0.016582736364281155,0.6639289678135405
0.0166394779771615,0.6639289678135405
0.0166394779771615,0.6641509433962264
0.016653663380381586,0.6641509433962264
0.016653663380381586,0.6643729189789124
0.016667848783601676,0.6643729189789124
0.016667848783601676,0.6645948945615983
0.01668203418682176,0.6645948945615983
0.01668203418682176,0.6648168701442841
0.016696219590041847,0.6648168701442841
0.016696219590041847,0.6661487236403996
0.016738775799702107,0.6661487236403996
0.016738775799702107,0.6665926748057713
0.01680970281580254,0.6665926748057713
0.01680970281580254,0.6670366259711432
0.016823888219022625,0.6670366259711432
0.016823888219022625,0.6672586015538291
0.01683807362224271,0.6672586015538291
0.01683807362224271,0.667480577136515
0.01688062983190297,0.667480577136515
0.01688062983190297,0.6681465038845728
0.016894815235123057,0.6681465038845728
0.016894815235123057,0.6685904550499445
0.016909000638343146,0.6685904550499445
0.016909000638343146,0.6688124306326304
0.016923186041563232,0.6688124306326304
0.016923186041563232,0.6694783573806882
0.016951556848003403,0.6694783573806882
0.016951556848003403,0.6703662597114317
0.016965742251223492,0.6703662597114317
0.016965742251223492,0.6708102108768036
0.016994113057663664,0.6708102108768036
0.016994113057663664,0.6712541620421754
0.01700829846088375,0.6712541620421754
0.01700829846088375,0.6714761376248612
0.01702248386410384,0.6714761376248612
0.01702248386410384,0.6719200887902331
0.017036669267323924,0.6719200887902331
0.017036669267323924,0.6723640399556049
0.017065040073764096,0.6723640399556049
0.017065040073764096,0.6725860155382908
0.01709341088020427,0.6725860155382908
0.01709341088020427,0.6728079911209767
0.017121781686644442,0.6728079911209767
0.017121781686644442,0.6732519422863485
0.017164337896304702,0.6732519422863485
0.017164337896304702,0.6734739178690344
0.017178523299524788,0.6734739178690344
0.017178523299524788,0.6739178690344062
0.017192708702744877,0.6739178690344062
0.017192708702744877,0.6741398446170921
0.017206894105964963,0.6741398446170921
0.017206894105964963,0.674361820199778
0.01722107950918505,0.674361820199778
0.01722107950918505,0.674583795782464
0.017235264912405134,0.674583795782464
0.017235264912405134,0.6748057713651499
0.017249450315625223,0.6748057713651499
0.017249450315625223,0.6750277469478357
0.01726363571884531,0.6750277469478357
0.01726363571884531,0.6754716981132075
0.01729200652528548,0.6754716981132075
0.01729200652528548,0.6759156492785794
0.017306191928505566,0.6759156492785794
0.017306191928505566,0.6772475027746948
0.01733456273494574,0.6772475027746948
0.01733456273494574,0.6774694783573807
0.017391304347826087,0.6774694783573807
0.017391304347826087,0.6783573806881243
0.01741967515426626,0.6783573806881243
0.01741967515426626,0.6785793562708102
0.01746223136392652,0.6785793562708102
0.01746223136392652,0.6788013318534961
0.017476416767146605,0.6788013318534961
0.017476416767146605,0.679023307436182
0.01750478757358678,0.679023307436182
0.01750478757358678,0.6792452830188679
0.017518972976806865,0.6792452830188679
0.017518972976806865,0.6794672586015539
0.017561529186467126,0.6794672586015539
0.017561529186467126,0.6796892341842398
0.017589899992907297,0.6796892341842398
0.017589899992907297,0.6799112097669257
0.017604085396127386,0.6799112097669257
0.017604085396127386,0.6801331853496115
0.017618270799347472,0.6801331853496115
0.017618270799347472,0.6803551609322974
0.017632456202567558,0.6803551609322974
0.017632456202567558,0.6810210876803552
0.017660827009007733,0.6810210876803552
0.017660827009007733,0.6816870144284128
0.017675012412227818,0.6816870144284128
0.017675012412227818,0.6821309655937847
0.017831051847648768,0.6821309655937847
0.017831051847648768,0.6823529411764706
0.017845237250868857,0.6823529411764706
0.017845237250868857,0.6825749167591565
0.017887793460529114,0.6825749167591565
0.017887793460529114,0.6827968923418424
0.017901978863749203,0.6827968923418424
0.017901978863749203,0.6830188679245283
0.017930349670189374,0.6830188679245283
0.017930349670189374,0.6834628190899001
0.01794453507340946,0.6834628190899001
0.01794453507340946,0.683684794672586
0.018015462089509895,0.683684794672586
0.018015462089509895,0.6847946725860156
0.01802964749272998,0.6847946725860156
0.01802964749272998,0.686126526082131
0.018058018299170153,0.686126526082131
0.018058018299170153,0.6863485016648169
0.01807220370239024,0.6863485016648169
0.01807220370239024,0.6865704772475028
0.0181147599120505,0.6865704772475028
0.0181147599120505,0.6867924528301886
0.018128945315270588,0.6867924528301886
0.018128945315270588,0.6870144284128746
0.018143130718490674,0.6870144284128746
0.018143130718490674,0.6872364039955605
0.01815731612171076,0.6872364039955605
0.01815731612171076,0.6874583795782464
0.01819987233137102,0.6874583795782464
0.01819987233137102,0.6890122086570477
0.01827079934747145,0.6890122086570477
0.01827079934747145,0.6894561598224195
0.018299170153911627,0.6894561598224195
0.018299170153911627,0.6899001109877914
0.018313355557131712,0.6899001109877914
0.018313355557131712,0.6901220865704772
0.018341726363571884,0.6901220865704772
0.018341726363571884,0.6903440621531631
0.01837009717001206,0.6903440621531631
0.01837009717001206,0.690566037735849
0.01839846797645223,0.690566037735849
0.01839846797645223,0.6910099889012209
0.018426838782892405,0.6910099889012209
0.018426838782892405,0.6914539400665927
0.01844102418611249,0.6914539400665927
0.01844102418611249,0.6916759156492785
0.018526136605433008,0.6916759156492785
0.018526136605433008,0.6921198668146504
0.018540322008653097,0.6921198668146504
0.018540322008653097,0.6925638179800222
0.01856869281509327,0.6925638179800222
0.01856869281509327,0.6936736958934517
0.018597063621533443,0.6936736958934517
0.018597063621533443,0.6941176470588235
0.01861124902475353,0.6941176470588235
0.01861124902475353,0.6943396226415094
0.018625434427973615,0.6943396226415094
0.018625434427973615,0.6945615982241954
0.0186396198311937,0.6945615982241954
0.0186396198311937,0.6950055493895672
0.018667990637633875,0.6950055493895672
0.018667990637633875,0.695227524972253
0.018696361444074047,0.695227524972253
0.018696361444074047,0.6954495005549389
0.018767288460174482,0.6954495005549389
0.018767288460174482,0.6958934517203108
0.018781473863394568,0.6958934517203108
0.018781473863394568,0.6961154273029967
0.018795659266614653,0.6961154273029967
0.018795659266614653,0.6963374028856826
0.018838215476274914,0.6963374028856826
0.018838215476274914,0.6965593784683685
0.018866586282715085,0.6965593784683685
0.018866586282715085,0.6967813540510543
0.018880771685935174,0.6967813540510543
0.018880771685935174,0.6983351831298558
0.018909142492375346,0.6983351831298558
0.018909142492375346,0.6994450610432852
0.019022625718136038,0.6994450610432852
0.019022625718136038,0.6996670366259712
0.0190651819277963,0.6996670366259712
0.0190651819277963,0.6998890122086571
0.019107738137456556,0.6998890122086571
0.019107738137456556,0.7003329633740288
0.019121923540676645,0.7003329633740288
0.019121923540676645,0.7009988901220866
0.019164479750336902,0.7009988901220866
0.019164479750336902,0.7018867924528301
0.01917866515355699,0.7018867924528301
0.01917866515355699,0.7021087680355161
0.019192850556777077,0.7021087680355161
0.019192850556777077,0.7025527192008879
0.019221221363217248,0.7025527192008879
0.019221221363217248,0.7034406215316316
0.019235406766437337,0.7034406215316316
0.019235406766437337,0.7043285238623751
0.019277962976097594,0.7043285238623751
0.019277962976097594,0.7045504994450611
0.01930633378253777,0.7045504994450611
0.01930633378253777,0.704772475027747
0.019320519185757855,0.704772475027747
0.019320519185757855,0.7049944506104329
0.01934888999219803,0.7049944506104329
0.01934888999219803,0.7054384017758046
0.019363075395418115,0.7054384017758046
0.019363075395418115,0.7056603773584905
0.01950492942761898,0.7056603773584905
0.01950492942761898,0.7063263041065483
0.019533300234059154,0.7063263041065483
0.019533300234059154,0.7065482796892342
0.01954748563727924,0.7065482796892342
0.01954748563727924,0.7067702552719201
0.01957585644371941,0.7067702552719201
0.01957585644371941,0.7069922308546059
0.0195900418469395,0.7069922308546059
0.0195900418469395,0.7072142064372919
0.019604227250159586,0.7072142064372919
0.019604227250159586,0.7074361820199778
0.019632598056599757,0.7074361820199778
0.019632598056599757,0.7076581576026637
0.019646783459819846,0.7076581576026637
0.019646783459819846,0.7078801331853496
0.019660968863039932,0.7078801331853496
0.019660968863039932,0.7087680355160932
0.019689339669480103,0.7087680355160932
0.019689339669480103,0.7089900110987791
0.019703525072700193,0.7089900110987791
0.019703525072700193,0.7096559378468369
0.01971771047592028,0.7096559378468369
0.01971771047592028,0.7105438401775804
0.01974608128236045,0.7105438401775804
0.01974608128236045,0.7107658157602663
0.019887935314561317,0.7107658157602663
0.019887935314561317,0.7109877913429523
0.01991630612100149,0.7109877913429523
0.01991630612100149,0.7112097669256382
0.019930491524221577,0.7112097669256382
0.019930491524221577,0.7118756936736959
0.01995886233066175,0.7118756936736959
0.01995886233066175,0.7123196448390677
0.019973047733881834,0.7123196448390677
0.019973047733881834,0.713873473917869
0.019987233137101924,0.713873473917869
0.019987233137101924,0.7145394006659267
0.02002978934676218,0.7145394006659267
0.02002978934676218,0.7154273029966703
0.02007234555642244,0.7154273029966703
0.02007234555642244,0.7165371809100999
0.020114901766082702,0.7165371809100999
0.020114901766082702,0.7169811320754716
0.02015745797574296,0.7169811320754716
0.02015745797574296,0.7172031076581576
0.020171643378963048,0.7172031076581576
0.020171643378963048,0.7174250832408435
0.020185828782183134,0.7174250832408435
0.020185828782183134,0.7176470588235294
0.02020001418540322,0.7176470588235294
0.02020001418540322,0.7180910099889012
0.020228384991843394,0.7180910099889012
0.020228384991843394,0.7183129855715871
0.020256755798283566,0.7183129855715871
0.020256755798283566,0.7192008879023307
0.02028512660472374,0.7192008879023307
0.02028512660472374,0.7194228634850166
0.020299312007943826,0.7194228634850166
0.020299312007943826,0.7198668146503885
0.020370239024044258,0.7198668146503885
0.020370239024044258,0.7203107658157603
0.020426980636924604,0.7203107658157603
0.020426980636924604,0.7205327413984461
0.02045535144336478,0.7205327413984461
0.02045535144336478,0.720754716981132
0.020469536846584865,0.720754716981132
0.020469536846584865,0.720976692563818
0.020512093056245125,0.720976692563818
0.020512093056245125,0.7211986681465039
0.02052627845946521,0.7211986681465039
0.02052627845946521,0.7216426193118757
0.020597205475565643,0.7216426193118757
0.020597205475565643,0.7225305216426193
0.02061139087878573,0.7225305216426193
0.02061139087878573,0.7227524972253052
0.020625576282005818,0.7227524972253052
0.020625576282005818,0.7229744728079911
0.02065394708844599,0.7229744728079911
0.02065394708844599,0.723196448390677
0.020682317894886164,0.723196448390677
0.020682317894886164,0.723418423973363
0.020710688701326335,0.723418423973363
0.020710688701326335,0.7236403995560489
0.020739059507766507,0.7236403995560489
0.020739059507766507,0.7238623751387347
0.02076743031420668,0.7238623751387347
0.02076743031420668,0.7240843507214206
0.020795801120646853,0.7240843507214206
0.020795801120646853,0.725416204217536
0.020809986523866942,0.725416204217536
0.020809986523866942,0.7256381798002219
0.020824171927087028,0.7256381798002219
0.020824171927087028,0.7265260821309656
0.02089509894318746,0.7265260821309656
0.02089509894318746,0.7267480577136515
0.02093765515284772,0.7267480577136515
0.02093765515284772,0.7274139844617092
0.020951840556067806,0.7274139844617092
0.020951840556067806,0.7276359600443951
0.020994396765728066,0.7276359600443951
0.020994396765728066,0.7287458379578247
0.021008582168948152,0.7287458379578247
0.021008582168948152,0.7289678135405105
0.021022767572168238,0.7289678135405105
0.021022767572168238,0.7291897891231964
0.021051138378608412,0.7291897891231964
0.021051138378608412,0.7298557158712542
0.021164621604369105,0.7298557158712542
0.021164621604369105,0.7300776914539401
0.02117880700758919,0.7300776914539401
0.02117880700758919,0.730299667036626
0.021207177814029365,0.730299667036626
0.021207177814029365,0.7309655937846837
0.02122136321724945,0.7309655937846837
0.02122136321724945,0.7311875693673696
0.021278104830129797,0.7311875693673696
0.021278104830129797,0.7314095449500555
0.021292290233349883,0.7314095449500555
0.021292290233349883,0.7316315205327414
0.02130647563656997,0.7316315205327414
0.02130647563656997,0.7322974472807992
0.021320661039790054,0.7322974472807992
0.021320661039790054,0.7327413984461709
0.021363217249450315,0.7327413984461709
0.021363217249450315,0.7329633740288568
0.0213774026526704,0.7329633740288568
0.0213774026526704,0.7334073251942287
0.02139158805589049,0.7334073251942287
0.02139158805589049,0.7338512763596005
0.02141995886233066,0.7338512763596005
0.02141995886233066,0.7342952275249722
0.021434144265550747,0.7342952275249722
0.021434144265550747,0.7345172031076581
0.02146251507199092,0.7345172031076581
0.02146251507199092,0.7347391786903441
0.021604369104191785,0.7347391786903441
0.021604369104191785,0.73496115427303
0.021618554507411875,0.73496115427303
0.021618554507411875,0.7354051054384018
0.021717852329952478,0.7354051054384018
0.021717852329952478,0.7358490566037735
0.021732037733172567,0.7358490566037735
0.021732037733172567,0.7360710321864595
0.021774593942832824,0.7360710321864595
0.021774593942832824,0.7362930077691454
0.021788779346052913,0.7362930077691454
0.021788779346052913,0.7365149833518313
0.02184552095893326,0.7365149833518313
0.02184552095893326,0.7367369589345172
0.021859706362153345,0.7367369589345172
0.021859706362153345,0.7371809100998891
0.02191644797503369,0.7371809100998891
0.02191644797503369,0.737402885682575
0.021973189587914038,0.737402885682575
0.021973189587914038,0.7376248612652608
0.021987374991134123,0.7376248612652608
0.021987374991134123,0.7378468368479467
0.022015745797574295,0.7378468368479467
0.022015745797574295,0.7380688124306326
0.022058302007234555,0.7380688124306326
0.022058302007234555,0.7382907880133185
0.02208667281367473,0.7382907880133185
0.02208667281367473,0.7389567147613763
0.022100858216894816,0.7389567147613763
0.022100858216894816,0.739400665926748
0.0221150436201149,0.739400665926748
0.0221150436201149,0.7396226415094339
0.022143414426555076,0.7396226415094339
0.022143414426555076,0.7398446170921199
0.022157599829775162,0.7398446170921199
0.022157599829775162,0.7400665926748058
0.022185970636215333,0.7400665926748058
0.022185970636215333,0.7405105438401776
0.022200156039435422,0.7405105438401776
0.022200156039435422,0.7407325194228634
0.022356195474856372,0.7407325194228634
0.022356195474856372,0.7411764705882353
0.02237038087807646,0.7411764705882353
0.02237038087807646,0.7413984461709212
0.022384566281296547,0.7413984461709212
0.022384566281296547,0.741842397336293
0.022441307894176893,0.741842397336293
0.022441307894176893,0.7425083240843507
0.02249804950705724,0.7425083240843507
0.02249804950705724,0.7427302996670366
0.022512234910277325,0.7427302996670366
0.022512234910277325,0.7429522752497225
0.02252642031349741,0.7429522752497225
0.02252642031349741,0.7433962264150943
0.022540605716717496,0.7433962264150943
0.022540605716717496,0.7438401775804662
0.022554791119937585,0.7438401775804662
0.022554791119937585,0.7442841287458379
0.022597347329597842,0.7442841287458379
0.022597347329597842,0.7447280799112098
0.02261153273281793,0.7447280799112098
0.02261153273281793,0.7449500554938957
0.022639903539258103,0.7449500554938957
0.022639903539258103,0.7451720310765816
0.02269664515213845,0.7451720310765816
0.02269664515213845,0.7453940066592675
0.022725015958578624,0.7453940066592675
0.022725015958578624,0.7456159822419534
0.02278175757145897,0.7456159822419534
0.02278175757145897,0.7458379578246392
0.022838499184339316,0.7458379578246392
0.022838499184339316,0.7460599334073252
0.022923611603659834,0.7460599334073252
0.022923611603659834,0.7462819089900111
0.02293779700687992,0.7462819089900111
0.02293779700687992,0.7467258601553829
0.02300872402298035,0.7467258601553829
0.02300872402298035,0.7476137624861265
0.023037094829420526,0.7476137624861265
0.023037094829420526,0.7480577136514983
0.023051280232640612,0.7480577136514983
0.023051280232640612,0.7482796892341842
0.023079651039080787,0.7482796892341842
0.023079651039080787,0.7485016648168702
0.02315057805518122,0.7485016648168702
0.02315057805518122,0.7491675915649278
0.023164763458401304,0.7491675915649278
0.023164763458401304,0.7493895671476137
0.02317894886162139,0.7493895671476137
0.02317894886162139,0.7502774694783574
0.023249875877721825,0.7502774694783574
0.023249875877721825,0.751165371809101
0.02334917370026243,0.751165371809101
0.02334917370026243,0.7516093229744728
0.023377544506702604,0.7516093229744728
0.023377544506702604,0.7520532741398446
0.02343428611958295,0.7520532741398446
0.02343428611958295,0.7522752497225306
0.023448471522803035,0.7522752497225306
0.023448471522803035,0.7527192008879023
0.02346265692602312,0.7527192008879023
0.02346265692602312,0.7529411764705882
0.02347684232924321,0.7529411764705882
0.02347684232924321,0.75338512763596
0.023519398538903467,0.75338512763596
0.023519398538903467,0.753607103218646
0.023533583942123557,0.753607103218646
0.023533583942123557,0.7538290788013319
0.023547769345343642,0.7538290788013319
0.023547769345343642,0.7542730299667036
0.023661252571104335,0.7542730299667036
0.023661252571104335,0.7544950055493895
0.023689623377544506,0.7544950055493895
0.023689623377544506,0.7551609322974473
0.02371799418398468,0.7551609322974473
0.02371799418398468,0.7553829078801332
0.023732179587204767,0.7553829078801332
0.023732179587204767,0.755826859045505
0.02384566281296546,0.755826859045505
0.02384566281296546,0.7564927857935627
0.02387403361940563,0.7564927857935627
0.02387403361940563,0.7569367369589345
0.023902404425845805,0.7569367369589345
0.023902404425845805,0.7576026637069923
0.02395914603872615,0.7576026637069923
0.02395914603872615,0.7578246392896781
0.023973331441946237,0.7578246392896781
0.023973331441946237,0.758046614872364
0.023987516845166323,0.758046614872364
0.023987516845166323,0.7584905660377359
0.02408681466770693,0.7584905660377359
0.02408681466770693,0.7587125416204218
0.024228668699907793,0.7587125416204218
0.024228668699907793,0.7589345172031077
0.024271224909568054,0.7589345172031077
0.024271224909568054,0.7591564927857936
0.02428541031278814,0.7591564927857936
0.02428541031278814,0.7593784683684794
0.02429959571600823,0.7593784683684794
0.02429959571600823,0.7596004439511653
0.02437052273210866,0.7596004439511653
0.02437052273210866,0.7602663706992231
0.024384708135328746,0.7602663706992231
0.024384708135328746,0.760488346281909
0.024427264344989007,0.760488346281909
0.024427264344989007,0.7609322974472807
0.024469820554649267,0.7609322974472807
0.024469820554649267,0.7613762486126526
0.024484005957869353,0.7613762486126526
0.024484005957869353,0.7618201997780244
0.02458330378040996,0.7618201997780244
0.02458330378040996,0.7624861265260822
0.024597489183630045,0.7624861265260822
0.024597489183630045,0.762708102108768
0.024640045393290306,0.762708102108768
0.024640045393290306,0.7631520532741398
0.024696787006170652,0.7631520532741398
0.024696787006170652,0.7635960044395117
0.02473934321583091,0.7635960044395117
0.02473934321583091,0.7642619311875694
0.024796084828711255,0.7642619311875694
0.024796084828711255,0.7644839067702552
0.02482445563515143,0.7644839067702552
0.02482445563515143,0.7647058823529411
0.024909568054471948,0.7647058823529411
0.024909568054471948,0.7649278579356271
0.024937938860912123,0.7649278579356271
0.024937938860912123,0.7653718091009989
0.02498049507057238,0.7653718091009989
0.02498049507057238,0.7655937846836848
0.0250656074898929,0.7655937846836848
0.0250656074898929,0.7660377358490567
0.025079792893112986,0.7660377358490567
0.025079792893112986,0.7664816870144284
0.02515071990921342,0.7664816870144284
0.02515071990921342,0.7673695893451721
0.025164905312433507,0.7673695893451721
0.025164905312433507,0.767591564927858
0.02519327611887368,0.767591564927858
0.02519327611887368,0.7682574916759156
0.025221646925313854,0.7682574916759156
0.025221646925313854,0.7687014428412875
0.02523583232853394,0.7687014428412875
0.02523583232853394,0.7691453940066593
0.02526420313497411,0.7691453940066593
0.02526420313497411,0.769589345172031
0.0252783885381942,0.769589345172031
0.0252783885381942,0.769811320754717
0.025320944747854457,0.769811320754717
0.025320944747854457,0.7706992230854606
0.025335130151074543,0.7706992230854606
0.025335130151074543,0.7711431742508325
0.025349315554294632,0.7711431742508325
0.025349315554294632,0.7718091009988901
0.025363500957514717,0.7718091009988901
0.025363500957514717,0.7722530521642619
0.025377686360734803,0.7722530521642619
0.025377686360734803,0.7729189789123196
0.025406057167174978,0.7729189789123196
0.025406057167174978,0.7731409544950055
0.025420242570395064,0.7731409544950055
0.025420242570395064,0.7733629300776914
0.025462798780055324,0.7733629300776914
0.025462798780055324,0.7735849056603774
0.025533725796155756,0.7735849056603774
0.025533725796155756,0.7738068812430633
0.025547911199375842,0.7738068812430633
0.025547911199375842,0.7740288568257492
0.025562096602595927,0.7740288568257492
0.025562096602595927,0.7742508324084351
0.025576282005816017,0.7742508324084351
0.025576282005816017,0.7758046614872364
0.025604652812256188,0.7758046614872364
0.025604652812256188,0.7760266370699223
0.025661394425136534,0.7760266370699223
0.025661394425136534,0.7764705882352941
0.02567557982835662,0.7764705882352941
0.02567557982835662,0.77669256381798
0.02568976523157671,0.77669256381798
0.02568976523157671,0.7771365149833518
0.025703950634796795,0.7771365149833518
0.025703950634796795,0.7773584905660378
0.02571813603801688,0.7773584905660378
0.02571813603801688,0.7782463928967813
0.025746506844457055,0.7782463928967813
0.025746506844457055,0.7784683684794672
0.0258032484573374,0.7784683684794672
0.0258032484573374,0.7786903440621532
0.025817433860557487,0.7786903440621532
0.025817433860557487,0.7789123196448391
0.025902546279878005,0.7789123196448391
0.025902546279878005,0.779134295227525
0.02591673168309809,0.779134295227525
0.02591673168309809,0.7793562708102109
0.02593091708631818,0.7793562708102109
0.02593091708631818,0.7795782463928967
0.026016029505638697,0.7795782463928967
0.026016029505638697,0.7820199778024417
0.026030214908858783,0.7820199778024417
0.026030214908858783,0.7822419533851276
0.026072771118519043,0.7822419533851276
0.026072771118519043,0.7824639289678136
0.02608695652173913,0.7824639289678136
0.02608695652173913,0.7831298557158712
0.026115327328179304,0.7831298557158712
0.026115327328179304,0.7833518312985571
0.026186254344279736,0.7833518312985571
0.026186254344279736,0.7835738068812431
0.02621462515071991,0.7835738068812431
0.02621462515071991,0.7840177580466149
0.026242995957160082,0.7840177580466149
0.026242995957160082,0.7842397336293008
0.026257181360380168,0.7842397336293008
0.026257181360380168,0.7844617092119867
0.026285552166820342,0.7844617092119867
0.026285552166820342,0.7846836847946725
0.026299737570040428,0.7846836847946725
0.026299737570040428,0.7849056603773585
0.02638484998936095,0.7849056603773585
0.02638484998936095,0.7851276359600444
0.026399035392581035,0.7851276359600444
0.026399035392581035,0.7853496115427303
0.02641322079580112,0.7853496115427303
0.02641322079580112,0.7855715871254162
0.026427406199021206,0.7855715871254162
0.026427406199021206,0.7857935627081021
0.026441591602241295,0.7857935627081021
0.026441591602241295,0.7864594894561598
0.026484147811901552,0.7864594894561598
0.026484147811901552,0.7866814650388457
0.026512518618341727,0.7866814650388457
0.026512518618341727,0.7869034406215316
0.0265408894247819,0.7869034406215316
0.0265408894247819,0.7877913429522753
0.026597631037662245,0.7877913429522753
0.026597631037662245,0.7880133185349611
0.026668558053762677,0.7880133185349611
0.026668558053762677,0.7884572697003329
0.026682743456982766,0.7884572697003329
0.026682743456982766,0.7886792452830189
0.026739485069863112,0.7886792452830189
0.026739485069863112,0.7891231964483907
0.026753670473083198,0.7891231964483907
0.026753670473083198,0.7895671476137625
0.02682459748918363,0.7895671476137625
0.02682459748918363,0.7897891231964483
0.026838782892403715,0.7897891231964483
0.026838782892403715,0.7900110987791343
0.026852968295623805,0.7900110987791343
0.026852968295623805,0.7902330743618202
0.02686715369884389,0.7902330743618202
0.02686715369884389,0.790677025527192
0.02689552450528406,0.790677025527192
0.02689552450528406,0.7911209766925639
0.026952266118164408,0.7911209766925639
0.026952266118164408,0.7913429522752498
0.026966451521384497,0.7913429522752498
0.026966451521384497,0.7915649278579356
0.027009007731044754,0.7915649278579356
0.027009007731044754,0.7920088790233074
0.027023193134264843,0.7920088790233074
0.027023193134264843,0.7922308546059933
0.027051563940705015,0.7922308546059933
0.027051563940705015,0.7924528301886793
0.027094120150365275,0.7924528301886793
0.027094120150365275,0.7933407325194228
0.02710830555358536,0.7933407325194228
0.02710830555358536,0.7935627081021087
0.02715086176324562,0.7935627081021087
0.02715086176324562,0.7937846836847947
0.027207603376125968,0.7937846836847947
0.027207603376125968,0.7940066592674806
0.027221788779346053,0.7940066592674806
0.027221788779346053,0.7942286348501665
0.027264344989006314,0.7942286348501665
0.027264344989006314,0.7948945615982242
0.02730690119866657,0.7948945615982242
0.02730690119866657,0.7955604883462819
0.02732108660188666,0.7955604883462819
0.02732108660188666,0.7957824639289678
0.027335272005106746,0.7957824639289678
0.027335272005106746,0.7960044395116537
0.027363642811546917,0.7960044395116537
0.027363642811546917,0.7964483906770256
0.027420384424427263,0.7964483906770256
0.027420384424427263,0.7966703662597114
0.027448755230867438,0.7966703662597114
0.027448755230867438,0.7968923418423973
0.02747712603730761,0.7968923418423973
0.02747712603730761,0.7973362930077691
0.0274913114405277,0.7973362930077691
0.0274913114405277,0.7975582685904551
0.027604794666288388,0.7975582685904551
0.027604794666288388,0.797780244173141
0.027633165472728562,0.797780244173141
0.027633165472728562,0.7980022197558269
0.02768990708560891,0.7980022197558269
0.02768990708560891,0.7984461709211986
0.02773246329526917,0.7984461709211986
0.02773246329526917,0.7986681465038846
0.027775019504929426,0.7986681465038846
0.027775019504929426,0.7988901220865705
0.0278033903113696,0.7988901220865705
0.0278033903113696,0.7991120976692564
0.027817575714589687,0.7991120976692564
0.027817575714589687,0.799778024417314
0.027860131924249947,0.799778024417314
0.027860131924249947,0.8
0.027902688133910208,0.8
0.027902688133910208,0.8004439511653718
0.027916873537130293,0.8004439511653718
0.027916873537130293,0.8008879023307436
0.027945244343570465,0.8008879023307436
0.027945244343570465,0.8011098779134295
0.028030356762890986,0.8011098779134295
0.028030356762890986,0.8015538290788013
0.028115469182211503,0.8015538290788013
0.028115469182211503,0.8017758046614872
0.02817221079509185,0.8017758046614872
0.02817221079509185,0.8019977802441731
0.02825732321441237,0.8019977802441731
0.02825732321441237,0.802219755826859
0.028285694020852542,0.802219755826859
0.028285694020852542,0.802441731409545
0.028299879424072628,0.802441731409545
0.028299879424072628,0.8026637069922309
0.028314064827292717,0.8026637069922309
0.028314064827292717,0.8031076581576027
0.028328250230512803,0.8031076581576027
0.028328250230512803,0.8035516093229744
0.02841336264983332,0.8035516093229744
0.02841336264983332,0.8039955604883463
0.02842754805305341,0.8039955604883463
0.02842754805305341,0.8044395116537181
0.02849847506915384,0.8044395116537181
0.02849847506915384,0.8048834628190898
0.028526845875594013,0.8048834628190898
0.028526845875594013,0.8051054384017758
0.028569402085254273,0.8051054384017758
0.028569402085254273,0.8055493895671476
0.028597772891694448,0.8055493895671476
0.028597772891694448,0.8057713651498335
0.02862614369813462,0.8057713651498335
0.02862614369813462,0.8062153163152054
0.028640329101354705,0.8062153163152054
0.028640329101354705,0.8064372918978913
0.028753812327115397,0.8064372918978913
0.028753812327115397,0.8066592674805771
0.028782183133555572,0.8066592674805771
0.028782183133555572,0.806881243063263
0.028810553939995744,0.806881243063263
0.028810553939995744,0.8071032186459489
0.02886729555287609,0.8071032186459489
0.02886729555287609,0.8077691453940067
0.028895666359316265,0.8077691453940067
0.028895666359316265,0.8079911209766926
0.02895240797219661,0.8079911209766926
0.02895240797219661,0.8084350721420643
0.028966593375416697,0.8084350721420643
0.028966593375416697,0.8088790233074362
0.028994964181856868,0.8088790233074362
0.028994964181856868,0.809322974472808
0.029051705794737214,0.809322974472808
0.029051705794737214,0.8095449500554939
0.02912263281083765,0.8095449500554939
0.02912263281083765,0.8097669256381798
0.029207745230158167,0.8097669256381798
0.029207745230158167,0.8102108768035516
0.0292786722462586,0.8102108768035516
0.0292786722462586,0.8104328523862375
0.029307043052698774,0.8104328523862375
0.029307043052698774,0.8106548279689234
0.02932122845591886,0.8106548279689234
0.02932122845591886,0.8110987791342952
0.029406340875239377,0.8110987791342952
0.029406340875239377,0.8115427302996671
0.029463082488119723,0.8115427302996671
0.029463082488119723,0.8117647058823529
0.02953400950422016,0.8117647058823529
0.02953400950422016,0.8119866814650388
0.029590751117100505,0.8119866814650388
0.029590751117100505,0.8126526082130966
0.02964749272998085,0.8126526082130966
0.02964749272998085,0.813984461709212
0.029661678133200937,0.813984461709212
0.029661678133200937,0.8146503884572697
0.029718419746081283,0.8146503884572697
0.029718419746081283,0.8148723640399556
0.029831902971841975,0.8148723640399556
0.029831902971841975,0.8153163152053274
0.02984608837506206,0.8153163152053274
0.02984608837506206,0.8155382907880133
0.02993120079438258,0.8155382907880133
0.02993120079438258,0.816426193118757
0.029959571600822753,0.816426193118757
0.029959571600822753,0.8166481687014429
0.0300163132137031,0.8166481687014429
0.0300163132137031,0.8173140954495005
0.030030498616923185,0.8173140954495005
0.030030498616923185,0.8175360710321865
0.03004468402014327,0.8175360710321865
0.03004468402014327,0.8177580466148724
0.030101425633023617,0.8177580466148724
0.030101425633023617,0.8179800221975583
0.030115611036243706,0.8179800221975583
0.030115611036243706,0.8182019977802442
0.03018653805234414,0.8182019977802442
0.03018653805234414,0.81842397336293
0.0302290942620044,0.81842397336293
0.0302290942620044,0.8195338512763596
0.03034257748776509,0.8195338512763596
0.03034257748776509,0.8197558268590455
0.030441875310305695,0.8197558268590455
0.030441875310305695,0.8201997780244173
0.030512802326406126,0.8201997780244173
0.030512802326406126,0.8206437291897891
0.030583729342506562,0.8206437291897891
0.030583729342506562,0.820865704772475
0.030612100148946733,0.820865704772475
0.030612100148946733,0.8215316315205328
0.030697212568267254,0.8215316315205328
0.030697212568267254,0.8219755826859045
0.03071139797148734,0.8219755826859045
0.03071139797148734,0.8226415094339623
0.030725583374707426,0.8226415094339623
0.030725583374707426,0.8228634850166482
0.03073976877792751,0.8228634850166482
0.03073976877792751,0.8230854605993341
0.0307539541811476,0.8230854605993341
0.0307539541811476,0.82330743618202
0.030782324987587772,0.82330743618202
0.030782324987587772,0.8235294117647058
0.030839066600468118,0.8235294117647058
0.030839066600468118,0.8237513873473918
0.030895808213348464,0.8237513873473918
0.030895808213348464,0.8239733629300777
0.03095254982622881,0.8239733629300777
0.03095254982622881,0.8241953385127636
0.030966735229448896,0.8241953385127636
0.030966735229448896,0.8244173140954495
0.03108021845520959,0.8244173140954495
0.03108021845520959,0.8246392896781354
0.031108589261649763,0.8246392896781354
0.031108589261649763,0.8248612652608213
0.031136960068089935,0.8248612652608213
0.031136960068089935,0.8250832408435073
0.03115114547131002,0.8250832408435073
0.03115114547131002,0.8257491675915649
0.03132137030995106,0.8257491675915649
0.03132137030995106,0.8259711431742508
0.03133555571317115,0.8259711431742508
0.03133555571317115,0.8264150943396227
0.03146322434215192,0.8264150943396227
0.03146322434215192,0.8266370699223086
0.03156252216469253,0.8266370699223086
0.03156252216469253,0.8270810210876803
0.03164763458401305,0.8270810210876803
0.03164763458401305,0.8273029966703662
0.03173274700333357,0.8273029966703662
0.03173274700333357,0.8275249722530522
0.03174693240655366,0.8275249722530522
0.03174693240655366,0.8277469478357381
0.03186041563231435,0.8277469478357381
0.03186041563231435,0.827968923418424
0.03188878643875452,0.827968923418424
0.03188878643875452,0.8281908990011099
0.03190297184197461,0.8281908990011099
0.03190297184197461,0.8284128745837958
0.03191715724519469,0.8284128745837958
0.03191715724519469,0.8286348501664816
0.03193134264841478,0.8286348501664816
0.03193134264841478,0.8288568257491676
0.032002269664515214,0.8288568257491676
0.032002269664515214,0.8290788013318535
0.032115752890275906,0.8290788013318535
0.032115752890275906,0.8293007769145394
0.032158309099936166,0.8293007769145394
0.032158309099936166,0.8295227524972253
0.03218667990637634,0.8295227524972253
0.03218667990637634,0.8299667036625971
0.03225760692247677,0.8299667036625971
0.03225760692247677,0.8306326304106548
0.03234271934179729,0.8306326304106548
0.03234271934179729,0.8310765815760266
0.032399460954677634,0.8310765815760266
0.032399460954677634,0.8312985571587126
0.032484573373998155,0.8312985571587126
0.032484573373998155,0.8315205327413985
0.032555500390098586,0.8315205327413985
0.032555500390098586,0.8317425083240844
0.03259805659975885,0.8317425083240844
0.03259805659975885,0.8319644839067702
0.0326547982126392,0.8319644839067702
0.0326547982126392,0.8321864594894561
0.03266898361585928,0.8321864594894561
0.03266898361585928,0.832408435072142
0.03268316901907937,0.832408435072142
0.03268316901907937,0.832630410654828
0.03272572522873963,0.832630410654828
0.03272572522873963,0.8328523862375139
0.032895950067380664,0.8328523862375139
0.032895950067380664,0.8335183129855716
0.03291013547060075,0.8335183129855716
0.03291013547060075,0.8339622641509434
0.032981062486701185,0.8339622641509434
0.032981062486701185,0.8341842397336293
0.032995247889921274,0.8341842397336293
0.032995247889921274,0.8344062153163152
0.033023618696361445,0.8344062153163152
0.033023618696361445,0.8346281908990011
0.03305198950280162,0.8346281908990011
0.03305198950280162,0.835072142064373
0.03308036030924179,0.835072142064373
0.03308036030924179,0.8352941176470589
0.03309454571246188,0.8352941176470589
0.03309454571246188,0.8355160932297447
0.033108731115681966,0.8355160932297447
0.033108731115681966,0.8357380688124306
0.03315128732534222,0.8357380688124306
0.03315128732534222,0.8359600443951165
0.03320802893822257,0.8359600443951165
0.03320802893822257,0.8361820199778024
0.03326477055110291,0.8361820199778024
0.03326477055110291,0.8364039955604884
0.03333569756720335,0.8364039955604884
0.03333569756720335,0.8368479467258602
0.033378253776863605,0.8368479467258602
0.033378253776863605,0.8375138734739178
0.033392439180083694,0.8375138734739178
0.033392439180083694,0.8377358490566038
0.03340662458330378,0.8377358490566038
0.03340662458330378,0.8379578246392897
0.033420809986523865,0.8379578246392897
0.033420809986523865,0.8381798002219756
0.03344918079296404,0.8381798002219756
0.03344918079296404,0.8384017758046615
0.033477551599404215,0.8384017758046615
0.033477551599404215,0.8386237513873473
0.03353429321228456,0.8386237513873473
0.03353429321228456,0.8388457269700333
0.03354847861550465,0.8388457269700333
0.03354847861550465,0.8390677025527192
0.03361940563160508,0.8390677025527192
0.03361940563160508,0.8392896781354051
0.03366196184126534,0.8392896781354051
0.03366196184126534,0.839511653718091
0.03369033264770551,0.839511653718091
0.03369033264770551,0.8399556048834628
0.03371870345414568,0.8399556048834628
0.03371870345414568,0.8401775804661488
0.03374707426058586,0.8401775804661488
0.03374707426058586,0.8403995560488347
0.03376125966380594,0.8403995560488347
0.03376125966380594,0.8406215316315205
0.033789630470246114,0.8406215316315205
0.033789630470246114,0.8412874583795783
0.033832186679906374,0.8412874583795783
0.033832186679906374,0.8417314095449501
0.033874742889566635,0.8417314095449501
0.033874742889566635,0.8423973362930077
0.033888928292786724,0.8423973362930077
0.033888928292786724,0.8432852386237514
0.033931484502446985,0.8432852386237514
0.033931484502446985,0.8435072142064373
0.03397404071210724,0.8435072142064373
0.03397404071210724,0.8437291897891231
0.03418682176040854,0.8437291897891231
0.03418682176040854,0.8439511653718091
0.03421519256684871,0.8439511653718091
0.03421519256684871,0.844173140954495
0.0342293779700688,0.844173140954495
0.0342293779700688,0.8443951165371809
0.03427193417972906,0.8443951165371809
0.03427193417972906,0.8446170921198668
0.034286119582949144,0.8446170921198668
0.034286119582949144,0.8448390677025527
0.03430030498616923,0.8448390677025527
0.03430030498616923,0.8450610432852387
0.034371232002269665,0.8450610432852387
0.034371232002269665,0.8452830188679246
0.034385417405489754,0.8452830188679246
0.034385417405489754,0.8455049944506104
0.034413788211929926,0.8455049944506104
0.034413788211929926,0.8457269700332963
0.034456344421590186,0.8457269700332963
0.034456344421590186,0.8461709211986681
0.03451308603447053,0.8461709211986681
0.03451308603447053,0.8463928967813541
0.03455564224413079,0.8463928967813541
0.03455564224413079,0.84661487236404
0.03469749627633165,0.84661487236404
0.03469749627633165,0.8468368479467259
0.034782608695652174,0.8468368479467259
0.034782608695652174,0.8470588235294118
0.034810979502092346,0.8470588235294118
0.034810979502092346,0.8472807991120976
0.034825164905312435,0.8472807991120976
0.034825164905312435,0.8475027746947835
0.03483935030853252,0.8475027746947835
0.03483935030853252,0.8477247502774695
0.03499538974395347,0.8477247502774695
0.03499538974395347,0.8479467258601554
0.03508050216327399,0.8479467258601554
0.03508050216327399,0.8481687014428413
0.03509468756649408,0.8481687014428413
0.03509468756649408,0.8483906770255272
0.035137243776154334,0.8483906770255272
0.035137243776154334,0.8486126526082131
0.03515142917937442,0.8486126526082131
0.03515142917937442,0.848834628190899
0.03516561458259451,0.848834628190899
0.03516561458259451,0.8490566037735849
0.03520817079225477,0.8490566037735849
0.03520817079225477,0.8492785793562708
0.035236541598694944,0.8492785793562708
0.035236541598694944,0.8495005549389567
0.035250727001915026,0.8495005549389567
0.035250727001915026,0.8497225305216426
0.035264912405135115,0.8497225305216426
0.035264912405135115,0.8499445061043285
0.035279097808355205,0.8499445061043285
0.035279097808355205,0.8501664816870145
0.035307468614795376,0.8501664816870145
0.035307468614795376,0.8508324084350721
0.03543513724377616,0.8508324084350721
0.03543513724377616,0.851054384017758
0.035591176679197103,0.851054384017758
0.035591176679197103,0.8512763596004439
0.03561954748563728,0.8512763596004439
0.03561954748563728,0.8514983351831299
0.035633732888857364,0.8514983351831299
0.035633732888857364,0.8517203107658158
0.03584651393715867,0.8517203107658158
0.03584651393715867,0.8521642619311875
0.03587488474359884,0.8521642619311875
0.03587488474359884,0.8523862375138734
0.0360167387757997,0.8523862375138734
0.0360167387757997,0.8526082130965594
0.03603092417901979,0.8526082130965594
0.03603092417901979,0.8528301886792453
0.03607348038868005,0.8528301886792453
0.03607348038868005,0.8530521642619312
0.036087665791900134,0.8530521642619312
0.036087665791900134,0.8532741398446171
0.03614440740478048,0.8532741398446171
0.03614440740478048,0.853496115427303
0.036172778211220655,0.853496115427303
0.036172778211220655,0.8539400665926749
0.036215334420880915,0.8539400665926749
0.036215334420880915,0.8541620421753607
0.03634300304986169,0.8541620421753607
0.03634300304986169,0.8543840177580466
0.03638555925952195,0.8543840177580466
0.03638555925952195,0.8546059933407325
0.03649904248528264,0.8546059933407325
0.03649904248528264,0.8548279689234184
0.036626711114263424,0.8548279689234184
0.036626711114263424,0.8552719200887903
0.036711823533583945,0.8552719200887903
0.036711823533583945,0.8554938956714762
0.0367543797432442,0.8554938956714762
0.0367543797432442,0.8559378468368479
0.03676856514646429,0.8559378468368479
0.03676856514646429,0.8561598224195338
0.03679693595290446,0.8561598224195338
0.03679693595290446,0.8563817980022198
0.03685367756578481,0.8563817980022198
0.03685367756578481,0.8568257491675916
0.03688204837222498,0.8568257491675916
0.03688204837222498,0.8574916759156492
0.03689623377544507,0.8574916759156492
0.03689623377544507,0.8577136514983352
0.03695297538832541,0.8577136514983352
0.03695297538832541,0.8579356270810211
0.037023902404425844,0.8579356270810211
0.037023902404425844,0.858157602663707
0.037109014823746365,0.858157602663707
0.037109014823746365,0.8583795782463929
0.037151571033406626,0.8583795782463929
0.037151571033406626,0.8586015538290788
0.03716575643662671,0.8586015538290788
0.03716575643662671,0.8588235294117647
0.0371799418398468,0.8588235294117647
0.0371799418398468,0.8590455049944506
0.037194127243066887,0.8590455049944506
0.037194127243066887,0.8592674805771365
0.03730761046882758,0.8592674805771365
0.03730761046882758,0.8597114317425083
0.03740690829136818,0.8597114317425083
0.03740690829136818,0.8599334073251942
0.03744946450102844,0.8599334073251942
0.03744946450102844,0.8601553829078802
0.037605503936449396,0.8601553829078802
0.037605503936449396,0.8608213096559378
0.03761968933966948,0.8608213096559378
0.03761968933966948,0.8612652608213096
0.037648060146109656,0.8612652608213096
0.037648060146109656,0.8614872364039956
0.03766224554932974,0.8614872364039956
0.03766224554932974,0.8619311875693674
0.03767643095254983,0.8619311875693674
0.03767643095254983,0.8621531631520533
0.03774735796865026,0.8621531631520533
0.03774735796865026,0.8623751387347391
0.037931768210511384,0.8623751387347391
0.037931768210511384,0.862597114317425
0.03807362224271225,0.862597114317425
0.03807362224271225,0.862819089900111
0.03808780764593234,0.862819089900111
0.03808780764593234,0.8632630410654828
0.0381303638555926,0.8632630410654828
0.0381303638555926,0.8634850166481687
0.03817292006525286,0.8634850166481687
0.03817292006525286,0.8637069922308546
0.03820129087169303,0.8637069922308546
0.03820129087169303,0.8639289678135406
0.03821547627491311,0.8639289678135406
0.03821547627491311,0.8641509433962264
0.03824384708135329,0.8641509433962264
0.03824384708135329,0.8643729189789123
0.03825803248457337,0.8643729189789123
0.03825803248457337,0.8645948945615982
0.03827221788779346,0.8645948945615982
0.03827221788779346,0.865260821309656
0.03828640329101355,0.865260821309656
0.03828640329101355,0.8659267480577136
0.03830058869423363,0.8659267480577136
0.03830058869423363,0.8661487236403995
0.03831477409745372,0.8661487236403995
0.03831477409745372,0.8663706992230854
0.038328959500673804,0.8663706992230854
0.038328959500673804,0.8665926748057714
0.03838570111355415,0.8665926748057714
0.03838570111355415,0.8668146503884573
0.038428257323214414,0.8668146503884573
0.038428257323214414,0.8670366259711432
0.03848499893609476,0.8670366259711432
0.03848499893609476,0.8672586015538291
0.038541740548975106,0.8672586015538291
0.038541740548975106,0.8674805771365149
0.03855592595219519,0.8674805771365149
0.03855592595219519,0.8679245283018868
0.03857011135541528,0.8679245283018868
0.03857011135541528,0.8685904550499445
0.03859848216185545,0.8685904550499445
0.03859848216185545,0.8688124306326304
0.0386552237747358,0.8688124306326304
0.0386552237747358,0.8692563817980022
0.03874033619405631,0.8692563817980022
0.03874033619405631,0.8694783573806881
0.03876870700049649,0.8694783573806881
0.03876870700049649,0.869700332963374
0.03879707780693666,0.869700332963374
0.03879707780693666,0.8699223085460599
0.03881126321015675,0.8699223085460599
0.03881126321015675,0.8701442841287459
0.038825448613376834,0.8701442841287459
0.038825448613376834,0.8703662597114318
0.03883963401659692,0.8703662597114318
0.03883963401659692,0.8705882352941177
0.038853819419817005,0.8705882352941177
0.038853819419817005,0.8708102108768035
0.038910561032697355,0.8708102108768035
0.038910561032697355,0.8710321864594894
0.0389673026455777,0.8710321864594894
0.0389673026455777,0.8714761376248613
0.03905241506489822,0.8714761376248613
0.03905241506489822,0.8716981132075472
0.03908078587133839,0.8716981132075472
0.03908078587133839,0.8719200887902331
0.03910915667777857,0.8719200887902331
0.03910915667777857,0.872142064372919
0.03916589829065891,0.872142064372919
0.03916589829065891,0.8723640399556049
0.039180083693879,0.8723640399556049
0.039180083693879,0.8725860155382907
0.039279381516419604,0.8725860155382907
0.039279381516419604,0.8728079911209767
0.03929356691963969,0.8728079911209767
0.03929356691963969,0.8730299667036626
0.039307752322859775,0.8730299667036626
0.039307752322859775,0.8732519422863485
0.039449606355060646,0.8732519422863485
0.039449606355060646,0.8734739178690344
0.03946379175828073,0.8734739178690344
0.03946379175828073,0.8739178690344063
0.03947797716150082,0.8739178690344063
0.03947797716150082,0.8741398446170922
0.03967657280658203,0.8741398446170922
0.03967657280658203,0.874361820199778
0.0397049436130222,0.874361820199778
0.0397049436130222,0.8748057713651498
0.039719129016242284,0.8748057713651498
0.039719129016242284,0.8752497225305217
0.03974749982268246,0.8752497225305217
0.03974749982268246,0.8754716981132076
0.039790056032342716,0.8754716981132076
0.039790056032342716,0.8756936736958935
0.03987516845166324,0.8756936736958935
0.03987516845166324,0.8759156492785793
0.039889353854883326,0.8759156492785793
0.039889353854883326,0.8763596004439511
0.03998865167742393,0.8763596004439511
0.03998865167742393,0.8765815760266371
0.04007376409674445,0.8765815760266371
0.04007376409674445,0.876803551609323
0.04011632030640471,0.876803551609323
0.04011632030640471,0.8770255271920089
0.04014469111284488,0.8770255271920089
0.04014469111284488,0.8772475027746948
0.04018724732250514,0.8772475027746948
0.04018724732250514,0.8774694783573807
0.04020143272572523,0.8774694783573807
0.04020143272572523,0.8776914539400666
0.040243988935385486,0.8776914539400666
0.040243988935385486,0.8779134295227525
0.040258174338605575,0.8779134295227525
0.040258174338605575,0.8781354051054384
0.040272359741825664,0.8781354051054384
0.040272359741825664,0.8783573806881243
0.040300730548265835,0.8783573806881243
0.040300730548265835,0.8785793562708102
0.04040002837080644,0.8785793562708102
0.04040002837080644,0.8788013318534961
0.04047095538690687,0.8788013318534961
0.04047095538690687,0.8790233074361821
0.0405418824030073,0.8790233074361821
0.0405418824030073,0.879245283018868
0.04058443861266756,0.879245283018868
0.04058443861266756,0.8796892341842397
0.040669551031988084,0.8796892341842397
0.040669551031988084,0.8799112097669256
0.040726292644868434,0.8799112097669256
0.040726292644868434,0.8801331853496115
0.040740478048088516,0.8801331853496115
0.040740478048088516,0.8803551609322975
0.04085396127384921,0.8803551609322975
0.04085396127384921,0.8805771365149834
0.04093907369316973,0.8805771365149834
0.04093907369316973,0.8810210876803551
0.04098162990282999,0.8810210876803551
0.04098162990282999,0.881243063263041
0.04099581530605007,0.881243063263041
0.04099581530605007,0.881465038845727
0.04101000070927016,0.881465038845727
0.04101000070927016,0.8816870144284129
0.04103837151571033,0.8816870144284129
0.04103837151571033,0.8819089900110988
0.04105255691893042,0.8819089900110988
0.04105255691893042,0.8823529411764706
0.04109511312859068,0.8823529411764706
0.04109511312859068,0.8825749167591564
0.041194410951131286,0.8825749167591564
0.041194410951131286,0.8827968923418424
0.041236967160791546,0.8827968923418424
0.041236967160791546,0.8830188679245283
0.04133626498333215,0.8830188679245283
0.04133626498333215,0.8832408435072142
0.0413930065962125,0.8832408435072142
0.0413930065962125,0.8834628190899001
0.04142137740265267,0.8834628190899001
0.04142137740265267,0.883684794672586
0.04143556280587276,0.883684794672586
0.04143556280587276,0.8839067702552719
0.04144974820909284,0.8839067702552719
0.04144974820909284,0.8841287458379579
0.04157741683807362,0.8841287458379579
0.04157741683807362,0.8845726970033296
0.041591602241293706,0.8845726970033296
0.041591602241293706,0.8847946725860155
0.041648343854174055,0.8847946725860155
0.041648343854174055,0.8850166481687014
0.04179019788637492,0.8850166481687014
0.04179019788637492,0.8852386237513874
0.04183275409603518,0.8852386237513874
0.04183275409603518,0.8854605993340733
0.0419178665153557,0.8854605993340733
0.0419178665153557,0.8856825749167592
0.04197460812823604,0.8856825749167592
0.04197460812823604,0.885904550499445
0.04198879353145613,0.885904550499445
0.04198879353145613,0.8863485016648168
0.042017164337896304,0.8863485016648168
0.042017164337896304,0.8867924528301887
0.042187389176537346,0.8867924528301887
0.042187389176537346,0.8872364039955605
0.04220157457975743,0.8872364039955605
0.04220157457975743,0.8874583795782464
0.04257039506347968,0.8874583795782464
0.04257039506347968,0.8876803551609322
0.042598765869919855,0.8876803551609322
0.042598765869919855,0.8879023307436182
0.04261295127313994,0.8879023307436182
0.04261295127313994,0.8881243063263041
0.04269806369246046,0.8881243063263041
0.04269806369246046,0.88834628190899
0.04276899070856089,0.88834628190899
0.04276899070856089,0.8885682574916759
0.04289665933754167,0.8885682574916759
0.04289665933754167,0.8887902330743618
0.042910844740761754,0.8887902330743618
0.042910844740761754,0.8890122086570478
0.04292503014398184,0.8890122086570478
0.04292503014398184,0.8892341842397337
0.043010142563302364,0.8892341842397337
0.043010142563302364,0.8894561598224195
0.043052698772962625,0.8894561598224195
0.043052698772962625,0.8896781354051054
0.04323710901482375,0.8896781354051054
0.04323710901482375,0.8901220865704772
0.04337896304702461,0.8901220865704772
0.04337896304702461,0.8905660377358491
0.043449890063125045,0.8905660377358491
0.043449890063125045,0.8910099889012209
0.04350663167600539,0.8910099889012209
0.04350663167600539,0.8912319644839067
0.04363430030498617,0.8912319644839067
0.04363430030498617,0.8914539400665926
0.0437052273210866,0.8914539400665926
0.0437052273210866,0.8916759156492786
0.04371941272430669,0.8916759156492786
0.04371941272430669,0.8923418423973363
0.04376196893396695,0.8923418423973363
0.04376196893396695,0.8927857935627082
0.04377615433718703,0.8927857935627082
0.04377615433718703,0.893007769145394
0.04381871054684729,0.893007769145394
0.04381871054684729,0.8932297447280799
0.04383289595006738,0.8932297447280799
0.04383289595006738,0.8938956714761376
0.043847081353287465,0.8938956714761376
0.043847081353287465,0.8941176470588236
0.043889637562947725,0.8941176470588236
0.043889637562947725,0.8943396226415095
0.043903822966167814,0.8943396226415095
0.043903822966167814,0.8945615982241953
0.043932193772607986,0.8945615982241953
0.043932193772607986,0.8947835738068812
0.04400312078870842,0.8947835738068812
0.04400312078870842,0.8950055493895671
0.04404567699836868,0.8950055493895671
0.04404567699836868,0.895227524972253
0.04405986240158877,0.895227524972253
0.04405986240158877,0.895449500554939
0.0441307894176892,0.895449500554939
0.0441307894176892,0.8956714761376249
0.04417334562734946,0.8956714761376249
0.04417334562734946,0.8958934517203108
0.04418753103056954,0.8958934517203108
0.04418753103056954,0.8961154273029966
0.044301014256330234,0.8961154273029966
0.044301014256330234,0.8963374028856825
0.044343570465990495,0.8963374028856825
0.044343570465990495,0.8965593784683685
0.044400312078870845,0.8965593784683685
0.044400312078870845,0.8967813540510544
0.04441449748209093,0.8967813540510544
0.04441449748209093,0.8970033296337403
0.04451379530463154,0.8970033296337403
0.04451379530463154,0.8972253052164262
0.04452798070785162,0.8972253052164262
0.04452798070785162,0.8974472807991121
0.04455635151429179,0.8974472807991121
0.04455635151429179,0.897669256381798
0.04457053691751188,0.897669256381798
0.04457053691751188,0.897891231964484
0.0446556493368324,0.897891231964484
0.0446556493368324,0.8983351831298557
0.04468402014327257,0.8983351831298557
0.04468402014327257,0.8985571587125416
0.044712390949712744,0.8985571587125416
0.044712390949712744,0.8987791342952275
0.04472657635293283,0.8987791342952275
0.04472657635293283,0.8990011098779135
0.04476913256259309,0.8990011098779135
0.04476913256259309,0.8992230854605994
0.044882615788353786,0.8992230854605994
0.044882615788353786,0.8994450610432853
0.04495354280445422,0.8994450610432853
0.04495354280445422,0.8996670366259711
0.0449677282076743,0.8996670366259711
0.0449677282076743,0.899889012208657
0.04501028441733456,0.899889012208657
0.04501028441733456,0.9001109877913429
0.04506702603021491,0.9001109877913429
0.04506702603021491,0.9003329633740289
0.04512376764309525,0.9003329633740289
0.04512376764309525,0.9005549389567148
0.0451805092559756,0.9005549389567148
0.0451805092559756,0.9009988901220866
0.04522306546563586,0.9009988901220866
0.04522306546563586,0.9012208657047724
0.045251436272076034,0.9012208657047724
0.045251436272076034,0.9014428412874583
0.045265621675296124,0.9014428412874583
0.045265621675296124,0.9016648168701443
0.045279807078516206,0.9016648168701443
0.045279807078516206,0.902330743618202
0.045322363288176466,0.902330743618202
0.045322363288176466,0.9025527192008879
0.04546421732037733,0.9025527192008879
0.04546421732037733,0.9027746947835739
0.0454925881268175,0.9027746947835739
0.0454925881268175,0.9029966703662597
0.04554932973969785,0.9029966703662597
0.04554932973969785,0.9032186459489456
0.045733739981558975,0.9032186459489456
0.045733739981558975,0.9034406215316315
0.04580466699765941,0.9034406215316315
0.04580466699765941,0.9036625971143174
0.045818852400879496,0.9036625971143174
0.045818852400879496,0.9038845726970033
0.04588977941697993,0.9038845726970033
0.04588977941697993,0.9041065482796893
0.04603163344918079,0.9041065482796893
0.04603163344918079,0.9043285238623752
0.046145116674941485,0.9043285238623752
0.046145116674941485,0.904550499445061
0.0463437123200227,0.904550499445061
0.0463437123200227,0.9047724750277469
0.04640045393290304,0.9047724750277469
0.04640045393290304,0.9049944506104328
0.04645719554578339,0.9049944506104328
0.04645719554578339,0.9054384017758047
0.04648556635222356,0.9054384017758047
0.04648556635222356,0.9056603773584906
0.04649975175544365,0.9056603773584906
0.04649975175544365,0.9061043285238624
0.046599049577984254,0.9061043285238624
0.046599049577984254,0.9063263041065482
0.046669976594084686,0.9063263041065482
0.046669976594084686,0.9065482796892342
0.046726718206965036,0.9065482796892342
0.046726718206965036,0.9067702552719201
0.04674090361018512,0.9067702552719201
0.04674090361018512,0.906992230854606
0.04681183062628555,0.906992230854606
0.04681183062628555,0.9072142064372919
0.046996240868146674,0.9072142064372919
0.046996240868146674,0.9074361820199778
0.047052982481027024,0.9074361820199778
0.047052982481027024,0.9076581576026637
0.04737924675508901,0.9076581576026637
0.04737924675508901,0.9078801331853497
0.04742180296474927,0.9078801331853497
0.04742180296474927,0.9081021087680355
0.04747854457762962,0.9081021087680355
0.04747854457762962,0.9085460599334073
0.047506915384069794,0.9085460599334073
0.047506915384069794,0.9092119866814651
0.047549471593730054,0.9092119866814651
0.047549471593730054,0.9096559378468368
0.047577842400170225,0.9096559378468368
0.047577842400170225,0.9100998890122086
0.047620398609830486,0.9100998890122086
0.047620398609830486,0.9105438401775805
0.047946662883892474,0.9105438401775805
0.047946662883892474,0.9107658157602664
0.048003404496772824,0.9107658157602664
0.048003404496772824,0.9109877913429523
0.048060146109653167,0.9109877913429523
0.048060146109653167,0.9112097669256382
0.04810270231931343,0.9112097669256382
0.04810270231931343,0.911431742508324
0.04818781473863395,0.911431742508324
0.04818781473863395,0.91165371809101
0.048485708206255765,0.91165371809101
0.048485708206255765,0.9118756936736959
0.04854244981913611,0.9118756936736959
0.04854244981913611,0.9120976692563818
0.04857082062557628,0.9120976692563818
0.04857082062557628,0.9123196448390677
0.04861337683523654,0.9123196448390677
0.04861337683523654,0.9125416204217536
0.04872686006099723,0.9125416204217536
0.04872686006099723,0.9132075471698113
0.04874104546421732,0.9132075471698113
0.04874104546421732,0.9134295227524972
0.04875523086743741,0.9134295227524972
0.04875523086743741,0.913873473917869
0.04881197248031775,0.913873473917869
0.04881197248031775,0.914095449500555
0.04885452868997801,0.914095449500555
0.04885452868997801,0.9143174250832409
0.048882899496418185,0.9143174250832409
0.048882899496418185,0.9145394006659268
0.049010568125398966,0.9145394006659268
0.049010568125398966,0.9147613762486126
0.04902475352861905,0.9147613762486126
0.04902475352861905,0.9149833518312985
0.04905312433505923,0.9149833518312985
0.04905312433505923,0.9152053274139844
0.0490814951414994,0.9152053274139844
0.0490814951414994,0.9154273029966704
0.04910986594793957,0.9154273029966704
0.04910986594793957,0.9156492785793563
0.04928009078658061,0.9156492785793563
0.04928009078658061,0.9160932297447281
0.049322646996240865,0.9160932297447281
0.049322646996240865,0.916315205327414
0.049336832399460955,0.916315205327414
0.049336832399460955,0.9165371809100998
0.04953542804454217,0.9165371809100998
0.04953542804454217,0.9169811320754717
0.04963472586708277,0.9169811320754717
0.04963472586708277,0.9172031076581576
0.04967728207674303,0.9172031076581576
0.04967728207674303,0.9176470588235294
0.0497056528831832,0.9176470588235294
0.0497056528831832,0.9178690344062154
0.049734023689623374,0.9178690344062154
0.049734023689623374,0.9180910099889013
0.049748209092843464,0.9180910099889013
0.049748209092843464,0.9183129855715871
0.04976239449606355,0.9183129855715871
0.04976239449606355,0.9187569367369589
0.049790765302503724,0.9187569367369589
0.049790765302503724,0.9189789123196448
0.04984750691538407,0.9189789123196448
0.04984750691538407,0.9192008879023308
0.049875877721824245,0.9192008879023308
0.049875877721824245,0.9194228634850167
0.04989006312504433,0.9194228634850167
0.04989006312504433,0.9198668146503884
0.049918433931484506,0.9198668146503884
0.049918433931484506,0.9200887902330743
0.05006028796368537,0.9200887902330743
0.05006028796368537,0.9203107658157602
0.05008865877012554,0.9203107658157602
0.05008865877012554,0.9207547169811321
0.05017377118944606,0.9207547169811321
0.05017377118944606,0.920976692563818
0.05030143981842684,0.920976692563818
0.05030143981842684,0.9214206437291897
0.05051422086672814,0.9214206437291897
0.05051422086672814,0.9216426193118757
0.05058514788282857,0.9216426193118757
0.05058514788282857,0.9218645948945616
0.050641889495708914,0.9218645948945616
0.050641889495708914,0.9220865704772475
0.050656074898929,0.9220865704772475
0.050656074898929,0.9225305216426193
0.05130860344705298,0.9225305216426193
0.05130860344705298,0.9227524972253052
0.05136534505993333,0.9227524972253052
0.05136534505993333,0.9229744728079912
0.05143627207603376,0.9229744728079912
0.05143627207603376,0.923196448390677
0.051649053124335056,0.923196448390677
0.051649053124335056,0.9234184239733629
0.051677423930775235,0.9234184239733629
0.051677423930775235,0.9240843507214206
0.05169160933399532,0.9240843507214206
0.05169160933399532,0.9243063263041066
0.05189020497907653,0.9243063263041066
0.05189020497907653,0.9245283018867925
0.052032059011277394,0.9245283018867925
0.052032059011277394,0.9247502774694784
0.052074615220937655,0.9247502774694784
0.052074615220937655,0.9249722530521642
0.05218809844669835,0.9249722530521642
0.05218809844669835,0.9251942286348501
0.052202283849918436,0.9251942286348501
0.052202283849918436,0.925638179800222
0.05227321086601887,0.925638179800222
0.05227321086601887,0.9260821309655938
0.05237250868855947,0.9260821309655938
0.05237250868855947,0.9263041065482797
0.05238669409177956,0.9263041065482797
0.05238669409177956,0.9265260821309655
0.05250017731754025,0.9265260821309655
0.05250017731754025,0.9267480577136515
0.052571104333640685,0.9267480577136515
0.052571104333640685,0.9269700332963374
0.052613660543300945,0.9269700332963374
0.052613660543300945,0.9271920088790233
0.05274132917228172,0.9271920088790233
0.05274132917228172,0.9276359600443951
0.05275551457550181,0.9276359600443951
0.05275551457550181,0.9278579356270811
0.05278388538194198,0.9278579356270811
0.05278388538194198,0.928079911209767
0.052925739414142844,0.928079911209767
0.052925739414142844,0.9283018867924528
0.05316689126888432,0.9283018867924528
0.05316689126888432,0.9285238623751387
0.05319526207532449,0.9285238623751387
0.05319526207532449,0.9287458379578246
0.05325200368820484,0.9287458379578246
0.05325200368820484,0.9289678135405105
0.05328037449464501,0.9289678135405105
0.05328037449464501,0.9291897891231965
0.0532945598978651,0.9291897891231965
0.0532945598978651,0.9294117647058824
0.05362082417192709,0.9294117647058824
0.05362082417192709,0.9296337402885683
0.05366338038158735,0.9296337402885683
0.05366338038158735,0.9298557158712542
0.05367756578480743,0.9298557158712542
0.05367756578480743,0.93007769145394
0.053861976026668555,0.93007769145394
0.053861976026668555,0.9302996670366259
0.053932903042768994,0.9302996670366259
0.053932903042768994,0.9305216426193119
0.05398964465564934,0.9305216426193119
0.05398964465564934,0.9307436182019978
0.05401801546208951,0.9307436182019978
0.05401801546208951,0.9309655937846837
0.0541314986878502,0.9309655937846837
0.0541314986878502,0.9311875693673696
0.05454287538123271,0.9311875693673696
0.05454287538123271,0.9316315205327415
0.0546563586069934,0.9316315205327415
0.0546563586069934,0.9318534961154273
0.054727285623093834,0.9318534961154273
0.054727285623093834,0.9320754716981132
0.05474147102631392,0.9320754716981132
0.05474147102631392,0.9322974472807991
0.05494006667139514,0.9322974472807991
0.05494006667139514,0.932519422863485
0.05511029151003617,0.932519422863485
0.05511029151003617,0.9329633740288569
0.055351443364777646,0.9329633740288569
0.055351443364777646,0.9331853496115428
0.05546492659053834,0.9331853496115428
0.05546492659053834,0.9334073251942286
0.05552166820341868,0.9334073251942286
0.05552166820341868,0.9336293007769145
0.05559259521951911,0.9336293007769145
0.05559259521951911,0.9338512763596004
0.05563515142917937,0.9338512763596004
0.05563515142917937,0.9340732519422863
0.05564933683239946,0.9340732519422863
0.05564933683239946,0.9342952275249723
0.055677707638839634,0.9342952275249723
0.055677707638839634,0.9345172031076582
0.055720263848499894,0.9345172031076582
0.055720263848499894,0.93496115427303
0.05589048868714093,0.93496115427303
0.05589048868714093,0.9351831298557158
0.05608908433222214,0.9351831298557158
0.05608908433222214,0.9354051054384018
0.056131640541882404,0.9354051054384018
0.056131640541882404,0.9358490566037736
0.05645790481594439,0.9358490566037736
0.05645790481594439,0.9367369589345172
0.05654301723526491,0.9367369589345172
0.05654301723526491,0.9369589345172031
0.056684871267465776,0.9369589345172031
0.056684871267465776,0.937180910099889
0.05671324207390595,0.937180910099889
0.05671324207390595,0.9374028856825749
0.05672742747712604,0.9374028856825749
0.05672742747712604,0.9376248612652608
0.0568692815093269,0.9376248612652608
0.0568692815093269,0.9380688124306327
0.05689765231576708,0.9380688124306327
0.05689765231576708,0.9382907880133186
0.05694020852542733,0.9382907880133186
0.05694020852542733,0.9385127635960044
0.057138804170508546,0.9385127635960044
0.057138804170508546,0.9387347391786903
0.05716717497694872,0.9387347391786903
0.05716717497694872,0.9394006659267481
0.057592737073551316,0.9394006659267481
0.057592737073551316,0.939622641509434
0.05787644513795304,0.939622641509434
0.05787644513795304,0.9400665926748057
0.058004113766933825,0.9400665926748057
0.058004113766933825,0.9402885682574916
0.058089226186254346,0.9402885682574916
0.058089226186254346,0.9405105438401776
0.05817433860557486,0.9405105438401776
0.05817433860557486,0.9407325194228635
0.05820270941201504,0.9407325194228635
0.05820270941201504,0.9409544950055494
0.05842967586353642,0.9409544950055494
0.05842967586353642,0.9411764705882353
0.058486417476416766,0.9411764705882353
0.058486417476416766,0.9413984461709212
0.05859990070217746,0.9413984461709212
0.05859990070217746,0.941620421753607
0.05867082771827789,0.941620421753607
0.05867082771827789,0.941842397336293
0.05869919852471806,0.941842397336293
0.05869919852471806,0.9420643729189789
0.05884105255691893,0.9420643729189789
0.05884105255691893,0.9422863485016648
0.058855237960139015,0.9422863485016648
0.058855237960139015,0.9427302996670366
0.05888360876657919,0.9427302996670366
0.05888360876657919,0.9429522752497226
0.058940350379459536,0.9429522752497226
0.058940350379459536,0.9431742508324085
0.058997091992339885,0.9431742508324085
0.058997091992339885,0.9433962264150944
0.05902546279878006,0.9433962264150944
0.05902546279878006,0.944062153163152
0.05906801900844032,0.944062153163152
0.05906801900844032,0.944284128745838
0.0592949854599617,0.944284128745838
0.0592949854599617,0.9445061043285239
0.059337541669621956,0.9445061043285239
0.059337541669621956,0.9447280799112098
0.059365912476062134,0.9447280799112098
0.059365912476062134,0.9449500554938957
0.05945102489538265,0.9449500554938957
0.05945102489538265,0.9453940066592674
0.05949358110504291,0.9453940066592674
0.05949358110504291,0.9456159822419534
0.05955032271792326,0.9456159822419534
0.05955032271792326,0.9462819089900111
0.059791474572664725,0.9462819089900111
0.059791474572664725,0.946503884572697
0.059805659975884815,0.946503884572697
0.059805659975884815,0.946725860155383
0.06006099723384637,0.946725860155383
0.06006099723384637,0.9469478357380688
0.06007518263706646,0.9469478357380688
0.06007518263706646,0.9471698113207547
0.060217036669267324,0.9471698113207547
0.060217036669267324,0.9473917869034406
0.06064259876586992,0.9473917869034406
0.06064259876586992,0.9476137624861265
0.06068515497553018,0.9476137624861265
0.06068515497553018,0.9478357380688124
0.06084119441095113,0.9478357380688124
0.06084119441095113,0.9480577136514984
0.06092630683027165,0.9480577136514984
0.06092630683027165,0.9482796892341843
0.06109653166891269,0.9482796892341843
0.06109653166891269,0.9485016648168701
0.06135186892687425,0.9485016648168701
0.06135186892687425,0.948723640399556
0.06145116674941485,0.948723640399556
0.06145116674941485,0.9489456159822419
0.06146535215263494,0.9489456159822419
0.06146535215263494,0.9491675915649278
0.06149372295907511,0.9491675915649278
0.06149372295907511,0.9493895671476138
0.06193347045889779,0.9493895671476138
0.06193347045889779,0.9496115427302997
0.062004397474998224,0.9496115427302997
0.062004397474998224,0.9498335183129856
0.062046953684658485,0.9498335183129856
0.062046953684658485,0.9502774694783573
0.06235903255550039,0.9502774694783573
0.06235903255550039,0.9504994450610433
0.06238740336194056,0.9504994450610433
0.06238740336194056,0.9507214206437292
0.06242995957160082,0.9507214206437292
0.06242995957160082,0.9509433962264151
0.06262855521668204,0.9509433962264151
0.06262855521668204,0.951165371809101
0.06274203844244272,0.951165371809101
0.06274203844244272,0.9513873473917869
0.0628697070714235,0.9513873473917869
0.0628697070714235,0.9516093229744728
0.06289807787786368,0.9516093229744728
0.06289807787786368,0.9518312985571588
0.06322434215192567,0.9518312985571588
0.06322434215192567,0.9520532741398446
0.06330945457124619,0.9520532741398446
0.06330945457124619,0.9522752497225305
0.06332363997446627,0.9522752497225305
0.06332363997446627,0.9524972253052164
0.0634087523937868,0.9524972253052164
0.0634087523937868,0.9527192008879023
0.06342293779700688,0.9527192008879023
0.06342293779700688,0.9529411764705882
0.06355060642598766,0.9529411764705882
0.06355060642598766,0.9531631520532742
0.06401872473225051,0.9531631520532742
0.06401872473225051,0.9533851276359601
0.06417476416767147,0.9533851276359601
0.06417476416767147,0.953607103218646
0.06425987658699199,0.953607103218646
0.06425987658699199,0.9538290788013318
0.06462869707071424,0.9538290788013318
0.06462869707071424,0.9540510543840177
0.0646570678771544,0.9540510543840177
0.0646570678771544,0.9542730299667037
0.06475636569969502,0.9542730299667037
0.06475636569969502,0.9544950055493896
0.06485566352223562,0.9544950055493896
0.06485566352223562,0.9547169811320755
0.06494077594155614,0.9547169811320755
0.06494077594155614,0.9549389567147614
0.06499751755443649,0.9549389567147614
0.06499751755443649,0.9551609322974473
0.06506844457053691,0.9551609322974473
0.06506844457053691,0.9553829078801331
0.06521029860273778,0.9553829078801331
0.06521029860273778,0.9556048834628191
0.0653095964252784,0.9556048834628191
0.0653095964252784,0.955826859045505
0.06539470884459891,0.955826859045505
0.06539470884459891,0.9560488346281909
0.065408894247819,0.9560488346281909
0.065408894247819,0.9564927857935627
0.06542307965103908,0.9564927857935627
0.06542307965103908,0.9567147613762487
0.06543726505425916,0.9567147613762487
0.06543726505425916,0.9569367369589346
0.0655081920703596,0.9569367369589346
0.0655081920703596,0.9571587125416204
0.06555074828001986,0.9571587125416204
0.06555074828001986,0.9573806881243063
0.06591956876374211,0.9573806881243063
0.06591956876374211,0.9576026637069922
0.06600468118306263,0.9576026637069922
0.06600468118306263,0.9578246392896781
0.06617490602170367,0.9578246392896781
0.06617490602170367,0.9580466148723641
0.06628838924746436,0.9580466148723641
0.06628838924746436,0.95826859045505
0.06643024327966522,0.95826859045505
0.06643024327966522,0.9584905660377359
0.06682743456982765,0.9584905660377359
0.06682743456982765,0.9587125416204217
0.06691254698914817,0.9587125416204217
0.06691254698914817,0.9589345172031076
0.06756507553727215,0.9589345172031076
0.06756507553727215,0.9591564927857935
0.06773530037591319,0.9591564927857935
0.06773530037591319,0.9596004439511654
0.06782041279523371,0.9596004439511654
0.06782041279523371,0.9598224195338513
0.06808993545641535,0.9598224195338513
0.06808993545641535,0.9600443951165372
0.06813249166607561,0.9600443951165372
0.06813249166607561,0.960266370699223
0.06816086247251578,0.960266370699223
0.06816086247251578,0.960488346281909
0.06823178948861622,0.960488346281909
0.06823178948861622,0.9607103218645949
0.06826016029505638,0.9607103218645949
0.06826016029505638,0.9609322974472808
0.06902617206894106,0.9609322974472808
0.06902617206894106,0.9611542730299667
0.0693949925526633,0.9611542730299667
0.0693949925526633,0.9613762486126526
0.0694091779558834,0.9613762486126526
0.0694091779558834,0.9615982241953385
0.06943754876232357,0.9615982241953385
0.06943754876232357,0.9618201997780245
0.069508475778424,0.9618201997780245
0.069508475778424,0.9620421753607103
0.06956521739130435,0.9620421753607103
0.06956521739130435,0.9622641509433962
0.06969288602028513,0.9622641509433962
0.06969288602028513,0.9624861265260821
0.06984892545570608,0.9624861265260821
0.06984892545570608,0.962708102108768
0.06986311085892616,0.962708102108768
0.06986311085892616,0.9631520532741399
0.06990566706858642,0.9631520532741399
0.06990566706858642,0.9633740288568258
0.06997659408468686,0.9633740288568258
0.06997659408468686,0.9635960044395117
0.0701326335201078,0.9635960044395117
0.0701326335201078,0.9638179800221975
0.0703454145684091,0.9638179800221975
0.0703454145684091,0.9640399556048834
0.07038797077806937,0.9640399556048834
0.07038797077806937,0.9642619311875694
0.07068586424569119,0.9642619311875694
0.07068586424569119,0.9644839067702553
0.07071423505213136,0.9644839067702553
0.07071423505213136,0.9647058823529412
0.07087027448755231,0.9647058823529412
0.07087027448755231,0.9649278579356271
0.07094120150365274,0.9649278579356271
0.07094120150365274,0.965149833518313
0.07138094900347543,0.965149833518313
0.07138094900347543,0.9653718091009988
0.07140931980991559,0.9653718091009988
0.07140931980991559,0.9655937846836848
0.07150861763245621,0.9655937846836848
0.07150861763245621,0.9658157602663707
0.07152280303567629,0.9658157602663707
0.07152280303567629,0.9660377358490566
0.07186325271295836,0.9660377358490566
0.07186325271295836,0.9662597114317425
0.07191999432583872,0.9662597114317425
0.07191999432583872,0.9664816870144284
0.07218951698702035,0.9664816870144284
0.07218951698702035,0.9667036625971143
0.07228881480956097,0.9667036625971143
0.07228881480956097,0.9669256381798003
0.07237392722888149,0.9669256381798003
0.07237392722888149,0.9671476137624861
0.07248741045464217,0.9671476137624861
0.07248741045464217,0.9675915649278579
0.07252996666430243,0.9675915649278579
0.07252996666430243,0.9678135405105438
0.07261507908362295,0.9678135405105438
0.07261507908362295,0.9680355160932298
0.07302645577700546,0.9680355160932298
0.07302645577700546,0.9682574916759157
0.07311156819632599,0.9682574916759157
0.07311156819632599,0.9687014428412875
0.07329597843818711,0.9687014428412875
0.07329597843818711,0.9689234184239733
0.07332434924462727,0.9689234184239733
0.07332434924462727,0.9691453940066592
0.07335272005106745,0.9691453940066592
0.07335272005106745,0.9693673695893452
0.07336690545428753,0.9693673695893452
0.07336690545428753,0.9695893451720311
0.07339527626072771,0.9695893451720311
0.07339527626072771,0.969811320754717
0.07370735513156962,0.969811320754717
0.07370735513156962,0.9700332963374029
0.07390595077665083,0.9700332963374029
0.07390595077665083,0.9704772475027746
0.073934321583091,0.9704772475027746
0.073934321583091,0.9706992230854606
0.07424640045393291,0.9706992230854606
0.07424640045393291,0.9709211986681465
0.07434569827647351,0.9709211986681465
0.07434569827647351,0.9711431742508324
0.07478544577629619,0.9711431742508324
0.07478544577629619,0.9713651498335183
0.07484218738917654,0.9713651498335183
0.07484218738917654,0.9715871254162042
0.0748847435988368,0.9715871254162042
0.0748847435988368,0.9718091009988902
0.07489892900205689,0.9718091009988902
0.07489892900205689,0.9720310765815761
0.07492729980849705,0.9720310765815761
0.07492729980849705,0.9722530521642619
0.07515426626001843,0.9722530521642619
0.07515426626001843,0.9724750277469478
0.07529612029221931,0.9724750277469478
0.07529612029221931,0.9726970033296337
0.0755230867437407,0.9726970033296337
0.0755230867437407,0.9729189789123196
0.0759344634371232,0.9729189789123196
0.0759344634371232,0.9731409544950056
0.07599120505000355,0.9731409544950056
0.07599120505000355,0.9733629300776915
0.07618980069508476,0.9733629300776915
0.07618980069508476,0.9735849056603774
0.07628909851762536,0.9735849056603774
0.07628909851762536,0.9738068812430632
0.0763600255337258,0.9738068812430632
0.0763600255337258,0.9740288568257491
0.0765728065820271,0.9740288568257491
0.0765728065820271,0.974250832408435
0.07671466061422796,0.974250832408435
0.07671466061422796,0.974472807991121
0.07687070004964891,0.974472807991121
0.07687070004964891,0.9746947835738069
0.07694162706574935,0.9746947835738069
0.07694162706574935,0.9749167591564928
0.07726789133981134,0.9749167591564928
0.07726789133981134,0.9751387347391787
0.07735300375913186,0.9751387347391787
0.07735300375913186,0.9753607103218646
0.07742393077523228,0.9753607103218646
0.07742393077523228,0.9755826859045506
0.0777218242428541,0.9755826859045506
0.0777218242428541,0.9758046614872364
0.0779346052911554,0.9758046614872364
0.0779346052911554,0.9760266370699223
0.07800553230725583,0.9760266370699223
0.07800553230725583,0.9762486126526082
0.0781473863394567,0.9762486126526082
0.0781473863394567,0.9764705882352941
0.07847365061351869,0.9764705882352941
0.07847365061351869,0.97669256381798
0.07877154408114051,0.97669256381798
0.07877154408114051,0.976914539400666
0.07945244343570466,0.976914539400666
0.07945244343570466,0.9771365149833519
0.07952337045180509,0.9771365149833519
0.07952337045180509,0.9773584905660377
0.07956592666146535,0.9773584905660377
0.07956592666146535,0.9775804661487236
0.0800340449677282,0.9775804661487236
0.0800340449677282,0.9778024417314095
0.08016171359670898,0.9778024417314095
0.08016171359670898,0.9782463928967814
0.08028938222568976,0.9782463928967814
0.08028938222568976,0.9784683684794673
0.08033193843535003,0.9784683684794673
0.08033193843535003,0.9786903440621532
0.08034612383857011,0.9786903440621532
0.08034612383857011,0.978912319644839
0.08044542166111071,0.978912319644839
0.08044542166111071,0.9791342952275249
0.08045960706433081,0.9791342952275249
0.08045960706433081,0.9793562708102109
0.08048797787077097,0.9793562708102109
0.08048797787077097,0.9795782463928968
0.08061564649975175,0.9795782463928968
0.08061564649975175,0.9798002219755827
0.0806723881126321,0.9798002219755827
0.0806723881126321,0.9800221975582686
0.08089935456415348,0.9800221975582686
0.08089935456415348,0.9802441731409545
0.08095609617703384,0.9802441731409545
0.08095609617703384,0.9804661487236404
0.08101283778991418,0.9804661487236404
0.08101283778991418,0.9806881243063263
0.08114050641889496,0.9806881243063263
0.08114050641889496,0.9809100998890122
0.0811972480317753,0.9809100998890122
0.0811972480317753,0.9811320754716981
0.08128236045109583,0.9811320754716981
0.08128236045109583,0.981354051054384
0.08131073125753599,0.981354051054384
0.08131073125753599,0.9815760266370699
0.08132491666075609,0.9815760266370699
0.08132491666075609,0.9817980022197558
0.08133910206397617,0.9817980022197558
0.08133910206397617,0.9820199778024418
0.08135328746719625,0.9820199778024418
0.08135328746719625,0.9822419533851277
0.08169373714447833,0.9822419533851277
0.08169373714447833,0.9824639289678135
0.08196325980565998,0.9824639289678135
0.08196325980565998,0.9826859045504994
0.0826867153698844,0.9826859045504994
0.0826867153698844,0.9829078801331853
0.08289949641818568,0.9829078801331853
0.08289949641818568,0.9831298557158713
0.08323994609546777,0.9831298557158713
0.08323994609546777,0.9833518312985572
0.0835236541598695,0.9833518312985572
0.0835236541598695,0.9835738068812431
0.0837364352081708,0.9835738068812431
0.0837364352081708,0.983795782463929
0.08380736222427122,0.983795782463929
0.08380736222427122,0.9840177580466148
0.08390666004681183,0.9840177580466148
0.08390666004681183,0.9842397336293007
0.08403432867579261,0.9842397336293007
0.08403432867579261,0.9844617092119867
0.08420455351443365,0.9844617092119867
0.08420455351443365,0.9846836847946726
0.08431803674019434,0.9846836847946726
0.08431803674019434,0.9849056603773585
0.08453081778849564,0.9849056603773585
0.08453081778849564,0.9851276359600444
0.08495637988509823,0.9851276359600444
0.08495637988509823,0.9853496115427303
0.08535357117526066,0.9853496115427303
0.08535357117526066,0.9855715871254163
0.08682885311014965,0.9855715871254163
0.08682885311014965,0.9857935627081021
0.08699907794879069,0.9857935627081021
0.08699907794879069,0.986015538290788
0.08759486488403433,0.986015538290788
0.08759486488403433,0.9862375138734739
0.08775090431945529,0.9862375138734739
0.08775090431945529,0.9864594894561598
0.08847435988367969,0.9864594894561598
0.08847435988367969,0.9866814650388457
0.08853110149656004,0.9866814650388457
0.08853110149656004,0.9869034406215317
0.08872969714164125,0.9869034406215317
0.08872969714164125,0.9871254162042176
0.08887155117384211,0.9871254162042176
0.08887155117384211,0.9873473917869034
0.0889992198028229,0.9873473917869034
0.0889992198028229,0.9875693673695893
0.08943896730264558,0.9875693673695893
0.08943896730264558,0.9877913429522752
0.08977941697992765,0.9877913429522752
0.08977941697992765,0.9880133185349611
0.08990708560890844,0.9880133185349611
0.08990708560890844,0.9882352941176471
0.09010568125398964,0.9882352941176471
0.09010568125398964,0.988457269700333
0.09063054117313285,0.988457269700333
0.09063054117313285,0.9886792452830189
0.09075820980211363,0.9886792452830189
0.09075820980211363,0.9889012208657048
0.09104191786651536,0.9889012208657048
0.09104191786651536,0.9891231964483906
0.09118377189871622,0.9891231964483906
0.09118377189871622,0.9893451720310766
0.09128306972125683,0.9893451720310766
0.09128306972125683,0.9895671476137625
0.0920348960919214,0.9895671476137625
0.0920348960919214,0.9897891231964484
0.09216256472090219,0.9897891231964484
0.09216256472090219,0.9900110987791343
0.09231860415632315,0.9900110987791343
0.09231860415632315,0.9902330743618202
0.09234697496276331,0.9902330743618202
0.09234697496276331,0.9904550499445061
0.09240371657564367,0.9904550499445061
0.09240371657564367,0.9906770255271921
0.09275835165614582,0.9906770255271921
0.09275835165614582,0.9908990011098779
0.09294276189800695,0.9908990011098779
0.09294276189800695,0.9911209766925638
0.0930988013334279,0.9911209766925638
0.0930988013334279,0.9913429522752497
0.09343925101070998,0.9913429522752497
0.09343925101070998,0.9915649278579356
0.09455989786509682,0.9915649278579356
0.09455989786509682,0.9917869034406215
0.09534009504220158,0.9917869034406215
0.09534009504220158,0.9920088790233075
0.09579402794524434,0.9920088790233075
0.09579402794524434,0.9922308546059934
0.09854599616994113,0.9922308546059934
0.09854599616994113,0.9924528301886792
0.09875877721824243,0.9924528301886792
0.09875877721824243,0.9926748057713651
0.09960990141144763,0.9926748057713651
0.09960990141144763,0.992896781354051
0.09990779487906944,0.992896781354051
0.09990779487906944,0.993118756936737
0.10009220512093056,0.993118756936737
0.10009220512093056,0.9933407325194229
0.1001489467338109,0.9933407325194229
0.1001489467338109,0.9935627081021088
0.10097170012057592,0.9935627081021088
0.10097170012057592,0.9937846836847947
0.10128377899141783,0.9937846836847947
0.10128377899141783,0.9940066592674806
0.10139726221717853,0.9940066592674806
0.10139726221717853,0.9942286348501664
0.10153911624937939,0.9942286348501664
0.10153911624937939,0.9944506104328524
0.10356762890985176,0.9944506104328524
0.10356762890985176,0.9946725860155383
0.10477338818355912,0.9946725860155383
0.10477338818355912,0.9948945615982242
0.10480175898999929,0.9948945615982242
0.10480175898999929,0.9951165371809101
0.10674515923115115,0.9951165371809101
0.10674515923115115,0.995338512763596
0.10717072132775374,0.995338512763596
0.10717072132775374,0.9955604883462819
0.10756791261791616,0.9955604883462819
0.10756791261791616,0.9957824639289679
0.10790836229519823,0.9957824639289679
0.10790836229519823,0.9960044395116537
0.10813532874671962,0.9960044395116537
0.10813532874671962,0.9962264150943396
0.1084757784240017,0.9962264150943396
0.1084757784240017,0.9964483906770255
0.10972409390736931,0.9964483906770255
0.10972409390736931,0.9966703662597114
0.1100503581814313,0.9966703662597114
0.1100503581814313,0.9968923418423974
0.11285906801900844,0.9968923418423974
0.11285906801900844,0.9971143174250833
0.11358252358323286,0.9971143174250833
0.11358252358323286,0.9973362930077692
0.11426342293779701,0.9973362930077692
0.11426342293779701,0.997558268590455
0.12049081495141499,0.997558268590455
0.12049081495141499,0.9977802441731409
0.12392368253067594,0.9977802441731409
0.12392368253067594,0.9980022197558268
0.12609404922334919,0.9980022197558268
0.12609404922334919,0.9982241953385128
0.12905879849634727,0.9982241953385128
0.12905879849634727,0.9984461709211987
0.1319526207532449,0.9984461709211987
0.1319526207532449,0.9986681465038846
0.1333286048655933,0.9986681465038846
0.1333286048655933,0.9988901220865705
0.13789630470246117,0.9988901220865705
0.13789630470246117,0.9991120976692563
0.13832186679906378,0.9991120976692563
0.13832186679906378,0.9993340732519422
0.1520817079225477,0.9993340732519422
0.1520817079225477,0.9995560488346282
0.15937300517767217,0.9995560488346282
0.15937300517767217,0.9997780244173141
0.16752961202922192,0.9997780244173141
0.16752961202922192,1.0
1.0,1.0
