feature_name,original_columns,feature_type,data_type,unit,formula,description,dataset,task,temporal_behavior,lookback,available_at_prediction_time,leakage_status,missing_rate,variance,unique_count,status,removal_reason
Time,Time,TIMESTAMP,str,Datetime,Timestamp,Timestamp of semiconductor fab process run,UCI_SECOM,Yield_Defect_Classification,TIME_SERIES,None,YES,SAFE,0.0,0.0,1534,KEEP_METADATA,Process timestamp; useful for time-based ordering
target_defect,Pass/Fail,TARGET,int64,"Binary (0=Pass, 1=Fail)",Pass/Fail == 1,Wafer yield defect test failure indicator,UCI_SECOM,Yield_Defect_Classification,POST_PROCESS,None,NO,TARGET,0.0,0.06200360076644654,2,TARGET,Supervised learning target
sensor_0,0,FAB_IN_LINE_SENSOR,float64,UNKNOWN / NOT DOCUMENTED,Raw in-line sensor reading,Semiconductor in-line sensor channel 0,UCI_SECOM,Yield_Defect_Classification,IN_LINE_PROCESS,Current wafer,YES,SAFE,0.0038289725590299937,5420.16748404614,1520,KEEP,Passes variance and completeness screening
sensor_1,1,FAB_IN_LINE_SENSOR,float64,UNKNOWN / NOT DOCUMENTED,Raw in-line sensor reading,Semiconductor in-line sensor channel 1,UCI_SECOM,Yield_Defect_Classification,IN_LINE_PROCESS,Current wafer,YES,SAFE,0.004467134652201659,6465.399019959541,1504,KEEP,Passes variance and completeness screening
sensor_2,2,FAB_IN_LINE_SENSOR,float64,UNKNOWN / NOT DOCUMENTED,Raw in-line sensor reading,Semiconductor in-line sensor channel 2,UCI_SECOM,Yield_Defect_Classification,IN_LINE_PROCESS,Current wafer,YES,SAFE,0.008934269304403318,871.0261443665875,507,KEEP,Passes variance and completeness screening
sensor_3,3,FAB_IN_LINE_SENSOR,float64,UNKNOWN / NOT DOCUMENTED,Raw in-line sensor reading,Semiconductor in-line sensor channel 3,UCI_SECOM,Yield_Defect_Classification,IN_LINE_PROCESS,Current wafer,YES,SAFE,0.008934269304403318,195091.50517775348,518,KEEP,Passes variance and completeness screening
sensor_4,4,FAB_IN_LINE_SENSOR,float64,UNKNOWN / NOT DOCUMENTED,Raw in-line sensor reading,Semiconductor in-line sensor channel 4,UCI_SECOM,Yield_Defect_Classification,IN_LINE_PROCESS,Current wafer,YES,SAFE,0.008934269304403318,3175.9468992516067,503,KEEP,Passes variance and completeness screening
sensor_5,5,FAB_IN_LINE_SENSOR,float64,UNKNOWN / NOT DOCUMENTED,Raw in-line sensor reading,Semiconductor in-line sensor channel 5,UCI_SECOM,Yield_Defect_Classification,IN_LINE_PROCESS,Current wafer,YES,SAFE,0.008934269304403318,0.0,1,REMOVE,"Near-zero/zero variance (var=0.00e+00, unique=1)"
sensor_6,6,FAB_IN_LINE_SENSOR,float64,UNKNOWN / NOT DOCUMENTED,Raw in-line sensor reading,Semiconductor in-line sensor channel 6,UCI_SECOM,Yield_Defect_Classification,IN_LINE_PROCESS,Current wafer,YES,SAFE,0.008934269304403318,38.90283584892686,510,KEEP,Passes variance and completeness screening
sensor_7,7,FAB_IN_LINE_SENSOR,float64,UNKNOWN / NOT DOCUMENTED,Raw in-line sensor reading,Semiconductor in-line sensor channel 7,UCI_SECOM,Yield_Defect_Classification,IN_LINE_PROCESS,Current wafer,YES,SAFE,0.00574345883854499,8.030522137796674e-05,89,KEEP,Passes variance and completeness screening
sensor_8,8,FAB_IN_LINE_SENSOR,float64,UNKNOWN / NOT DOCUMENTED,Raw in-line sensor reading,Semiconductor in-line sensor channel 8,UCI_SECOM,Yield_Defect_Classification,IN_LINE_PROCESS,Current wafer,YES,SAFE,0.0012763241863433313,0.005460701802864777,1208,KEEP,Passes variance and completeness screening
sensor_9,9,FAB_IN_LINE_SENSOR,float64,UNKNOWN / NOT DOCUMENTED,Raw in-line sensor reading,Semiconductor in-line sensor channel 9,UCI_SECOM,Yield_Defect_Classification,IN_LINE_PROCESS,Current wafer,YES,SAFE,0.0012763241863433313,0.0002284991856548703,568,KEEP,Passes variance and completeness screening
sensor_10,10,FAB_IN_LINE_SENSOR,float64,UNKNOWN / NOT DOCUMENTED,Raw in-line sensor reading,Semiconductor in-line sensor channel 10,UCI_SECOM,Yield_Defect_Classification,IN_LINE_PROCESS,Current wafer,YES,SAFE,0.0012763241863433313,8.652915872302523e-05,392,KEEP,Passes variance and completeness screening
sensor_11,11,FAB_IN_LINE_SENSOR,float64,UNKNOWN / NOT DOCUMENTED,Raw in-line sensor reading,Semiconductor in-line sensor channel 11,UCI_SECOM,Yield_Defect_Classification,IN_LINE_PROCESS,Current wafer,YES,SAFE,0.0012763241863433313,0.00015505359361185785,378,KEEP,Passes variance and completeness screening
sensor_12,12,FAB_IN_LINE_SENSOR,float64,UNKNOWN / NOT DOCUMENTED,Raw in-line sensor reading,Semiconductor in-line sensor channel 12,UCI_SECOM,Yield_Defect_Classification,IN_LINE_PROCESS,Current wafer,YES,SAFE,0.0012763241863433313,10.60984480956244,1547,KEEP,Passes variance and completeness screening
sensor_13,13,FAB_IN_LINE_SENSOR,float64,UNKNOWN / NOT DOCUMENTED,Raw in-line sensor reading,Semiconductor in-line sensor channel 13,UCI_SECOM,Yield_Defect_Classification,IN_LINE_PROCESS,Current wafer,YES,SAFE,0.0019144862795149968,0.0,1,REMOVE,"Near-zero/zero variance (var=0.00e+00, unique=1)"
sensor_14,14,FAB_IN_LINE_SENSOR,float64,UNKNOWN / NOT DOCUMENTED,Raw in-line sensor reading,Semiconductor in-line sensor channel 14,UCI_SECOM,Yield_Defect_Classification,IN_LINE_PROCESS,Current wafer,YES,SAFE,0.0019144862795149968,7.820946786353915,1555,KEEP,Passes variance and completeness screening
sensor_15,15,FAB_IN_LINE_SENSOR,float64,UNKNOWN / NOT DOCUMENTED,Raw in-line sensor reading,Semiconductor in-line sensor channel 15,UCI_SECOM,Yield_Defect_Classification,IN_LINE_PROCESS,Current wafer,YES,SAFE,0.0019144862795149968,296.5660979749953,1561,KEEP,Passes variance and completeness screening
sensor_16,16,FAB_IN_LINE_SENSOR,float64,UNKNOWN / NOT DOCUMENTED,Raw in-line sensor reading,Semiconductor in-line sensor channel 16,UCI_SECOM,Yield_Defect_Classification,IN_LINE_PROCESS,Current wafer,YES,SAFE,0.0019144862795149968,5.7785747963836345,1477,KEEP,Passes variance and completeness screening
sensor_17,17,FAB_IN_LINE_SENSOR,float64,UNKNOWN / NOT DOCUMENTED,Raw in-line sensor reading,Semiconductor in-line sensor channel 17,UCI_SECOM,Yield_Defect_Classification,IN_LINE_PROCESS,Current wafer,YES,SAFE,0.0019144862795149968,0.00014550179929327987,281,KEEP,Passes variance and completeness screening
sensor_18,18,FAB_IN_LINE_SENSOR,float64,UNKNOWN / NOT DOCUMENTED,Raw in-line sensor reading,Semiconductor in-line sensor channel 18,UCI_SECOM,Yield_Defect_Classification,IN_LINE_PROCESS,Current wafer,YES,SAFE,0.0019144862795149968,7.734187455719739,1548,KEEP,Passes variance and completeness screening
sensor_19,19,FAB_IN_LINE_SENSOR,float64,UNKNOWN / NOT DOCUMENTED,Raw in-line sensor reading,Semiconductor in-line sensor channel 19,UCI_SECOM,Yield_Defect_Classification,IN_LINE_PROCESS,Current wafer,YES,SAFE,0.006381620931716656,0.04750885460969865,361,KEEP,Passes variance and completeness screening
sensor_20,20,FAB_IN_LINE_SENSOR,float64,UNKNOWN / NOT DOCUMENTED,Raw in-line sensor reading,Semiconductor in-line sensor channel 20,UCI_SECOM,Yield_Defect_Classification,IN_LINE_PROCESS,Current wafer,YES,SAFE,0.0,0.0002801249101397681,552,KEEP,Passes variance and completeness screening
sensor_21,21,FAB_IN_LINE_SENSOR,float64,UNKNOWN / NOT DOCUMENTED,Raw in-line sensor reading,Semiconductor in-line sensor channel 21,UCI_SECOM,Yield_Defect_Classification,IN_LINE_PROCESS,Current wafer,YES,SAFE,0.0012763241863433313,392906.04326157435,1295,KEEP,Passes variance and completeness screening
sensor_22,22,FAB_IN_LINE_SENSOR,float64,UNKNOWN / NOT DOCUMENTED,Raw in-line sensor reading,Semiconductor in-line sensor channel 22,UCI_SECOM,Yield_Defect_Classification,IN_LINE_PROCESS,Current wafer,YES,SAFE,0.0012763241863433313,87319.38390963206,1176,KEEP,Passes variance and completeness screening
sensor_23,23,FAB_IN_LINE_SENSOR,float64,UNKNOWN / NOT DOCUMENTED,Raw in-line sensor reading,Semiconductor in-line sensor channel 23,UCI_SECOM,Yield_Defect_Classification,IN_LINE_PROCESS,Current wafer,YES,SAFE,0.0012763241863433313,1904847.554245327,1480,KEEP,Passes variance and completeness screening
sensor_24,24,FAB_IN_LINE_SENSOR,float64,UNKNOWN / NOT DOCUMENTED,Raw in-line sensor reading,Semiconductor in-line sensor channel 24,UCI_SECOM,Yield_Defect_Classification,IN_LINE_PROCESS,Current wafer,YES,SAFE,0.0012763241863433313,8425609.918099247,1494,KEEP,Passes variance and completeness screening
sensor_25,25,FAB_IN_LINE_SENSOR,float64,UNKNOWN / NOT DOCUMENTED,Raw in-line sensor reading,Semiconductor in-line sensor channel 25,UCI_SECOM,Yield_Defect_Classification,IN_LINE_PROCESS,Current wafer,YES,SAFE,0.0012763241863433313,0.031541928969954974,704,KEEP,Passes variance and completeness screening
sensor_26,26,FAB_IN_LINE_SENSOR,float64,UNKNOWN / NOT DOCUMENTED,Raw in-line sensor reading,Semiconductor in-line sensor channel 26,UCI_SECOM,Yield_Defect_Classification,IN_LINE_PROCESS,Current wafer,YES,SAFE,0.0012763241863433313,0.03590837324042555,624,KEEP,Passes variance and completeness screening
sensor_27,27,FAB_IN_LINE_SENSOR,float64,UNKNOWN / NOT DOCUMENTED,Raw in-line sensor reading,Semiconductor in-line sensor channel 27,UCI_SECOM,Yield_Defect_Classification,IN_LINE_PROCESS,Current wafer,YES,SAFE,0.0012763241863433313,1.548156250865831,1148,KEEP,Passes variance and completeness screening
sensor_28,28,FAB_IN_LINE_SENSOR,float64,UNKNOWN / NOT DOCUMENTED,Raw in-line sensor reading,Semiconductor in-line sensor channel 28,UCI_SECOM,Yield_Defect_Classification,IN_LINE_PROCESS,Current wafer,YES,SAFE,0.0012763241863433313,11.979773487086947,869,KEEP,Passes variance and completeness screening
sensor_29,29,FAB_IN_LINE_SENSOR,float64,UNKNOWN / NOT DOCUMENTED,Raw in-line sensor reading,Semiconductor in-line sensor channel 29,UCI_SECOM,Yield_Defect_Classification,IN_LINE_PROCESS,Current wafer,YES,SAFE,0.0012763241863433313,0.1670309511443583,188,KEEP,Passes variance and completeness screening
sensor_30,30,FAB_IN_LINE_SENSOR,float64,UNKNOWN / NOT DOCUMENTED,Raw in-line sensor reading,Semiconductor in-line sensor channel 30,UCI_SECOM,Yield_Defect_Classification,IN_LINE_PROCESS,Current wafer,YES,SAFE,0.0012763241863433313,0.0010853033811722217,842,KEEP,Passes variance and completeness screening
sensor_31,31,FAB_IN_LINE_SENSOR,float64,UNKNOWN / NOT DOCUMENTED,Raw in-line sensor reading,Semiconductor in-line sensor channel 31,UCI_SECOM,Yield_Defect_Classification,IN_LINE_PROCESS,Current wafer,YES,SAFE,0.0012763241863433313,0.2865694657314088,1275,KEEP,Passes variance and completeness screening
sensor_32,32,FAB_IN_LINE_SENSOR,float64,UNKNOWN / NOT DOCUMENTED,Raw in-line sensor reading,Semiconductor in-line sensor channel 32,UCI_SECOM,Yield_Defect_Classification,IN_LINE_PROCESS,Current wafer,YES,SAFE,0.0006381620931716656,4.106901683442041,338,KEEP,Passes variance and completeness screening
sensor_33,33,FAB_IN_LINE_SENSOR,float64,UNKNOWN / NOT DOCUMENTED,Raw in-line sensor reading,Semiconductor in-line sensor channel 33,UCI_SECOM,Yield_Defect_Classification,IN_LINE_PROCESS,Current wafer,YES,SAFE,0.0006381620931716656,1.8075629222613934,330,KEEP,Passes variance and completeness screening
sensor_34,34,FAB_IN_LINE_SENSOR,float64,UNKNOWN / NOT DOCUMENTED,Raw in-line sensor reading,Semiconductor in-line sensor channel 34,UCI_SECOM,Yield_Defect_Classification,IN_LINE_PROCESS,Current wafer,YES,SAFE,0.0006381620931716656,1.398585749757441,329,KEEP,Passes variance and completeness screening
sensor_35,35,FAB_IN_LINE_SENSOR,float64,UNKNOWN / NOT DOCUMENTED,Raw in-line sensor reading,Semiconductor in-line sensor channel 35,UCI_SECOM,Yield_Defect_Classification,IN_LINE_PROCESS,Current wafer,YES,SAFE,0.0006381620931716656,6.629330325793515,331,KEEP,Passes variance and completeness screening
sensor_36,36,FAB_IN_LINE_SENSOR,float64,UNKNOWN / NOT DOCUMENTED,Raw in-line sensor reading,Semiconductor in-line sensor channel 36,UCI_SECOM,Yield_Defect_Classification,IN_LINE_PROCESS,Current wafer,YES,SAFE,0.0006381620931716656,1.3985874294421792,330,KEEP,Passes variance and completeness screening
sensor_37,37,FAB_IN_LINE_SENSOR,float64,UNKNOWN / NOT DOCUMENTED,Raw in-line sensor reading,Semiconductor in-line sensor channel 37,UCI_SECOM,Yield_Defect_Classification,IN_LINE_PROCESS,Current wafer,YES,SAFE,0.0006381620931716656,0.09250162542205567,325,KEEP,Passes variance and completeness screening
sensor_38,38,FAB_IN_LINE_SENSOR,float64,UNKNOWN / NOT DOCUMENTED,Raw in-line sensor reading,Semiconductor in-line sensor channel 38,UCI_SECOM,Yield_Defect_Classification,IN_LINE_PROCESS,Current wafer,YES,SAFE,0.0006381620931716656,0.1995905503449949,329,KEEP,Passes variance and completeness screening
sensor_39,39,FAB_IN_LINE_SENSOR,float64,UNKNOWN / NOT DOCUMENTED,Raw in-line sensor reading,Semiconductor in-line sensor channel 39,UCI_SECOM,Yield_Defect_Classification,IN_LINE_PROCESS,Current wafer,YES,SAFE,0.0006381620931716656,3.2660472308144404,333,KEEP,Passes variance and completeness screening
sensor_40,40,FAB_IN_LINE_SENSOR,float64,UNKNOWN / NOT DOCUMENTED,Raw in-line sensor reading,Semiconductor in-line sensor channel 40,UCI_SECOM,Yield_Defect_Classification,IN_LINE_PROCESS,Current wafer,YES,SAFE,0.015315890236119975,579.0252262368984,291,KEEP,Passes variance and completeness screening
sensor_41,41,FAB_IN_LINE_SENSOR,float64,UNKNOWN / NOT DOCUMENTED,Raw in-line sensor reading,Semiconductor in-line sensor channel 41,UCI_SECOM,Yield_Defect_Classification,IN_LINE_PROCESS,Current wafer,YES,SAFE,0.015315890236119975,5.571606134393039,315,KEEP,Passes variance and completeness screening
sensor_42,42,FAB_IN_LINE_SENSOR,float64,UNKNOWN / NOT DOCUMENTED,Raw in-line sensor reading,Semiconductor in-line sensor channel 42,UCI_SECOM,Yield_Defect_Classification,IN_LINE_PROCESS,Current wafer,YES,SAFE,0.0006381620931716656,0.0,1,REMOVE,"Near-zero/zero variance (var=0.00e+00, unique=1)"
sensor_43,43,FAB_IN_LINE_SENSOR,float64,UNKNOWN / NOT DOCUMENTED,Raw in-line sensor reading,Semiconductor in-line sensor channel 43,UCI_SECOM,Yield_Defect_Classification,IN_LINE_PROCESS,Current wafer,YES,SAFE,0.0006381620931716656,38.871561332536736,1523,KEEP,Passes variance and completeness screening
sensor_44,44,FAB_IN_LINE_SENSOR,float64,UNKNOWN / NOT DOCUMENTED,Raw in-line sensor reading,Semiconductor in-line sensor channel 44,UCI_SECOM,Yield_Defect_Classification,IN_LINE_PROCESS,Current wafer,YES,SAFE,0.0006381620931716656,0.03063815973313095,1376,KEEP,Passes variance and completeness screening
sensor_45,45,FAB_IN_LINE_SENSOR,float64,UNKNOWN / NOT DOCUMENTED,Raw in-line sensor reading,Semiconductor in-line sensor channel 45,UCI_SECOM,Yield_Defect_Classification,IN_LINE_PROCESS,Current wafer,YES,SAFE,0.0006381620931716656,61.61068560277669,1520,KEEP,Passes variance and completeness screening
sensor_46,46,FAB_IN_LINE_SENSOR,float64,UNKNOWN / NOT DOCUMENTED,Raw in-line sensor reading,Semiconductor in-line sensor channel 46,UCI_SECOM,Yield_Defect_Classification,IN_LINE_PROCESS,Current wafer,YES,SAFE,0.0006381620931716656,148.11656003488378,1562,KEEP,Passes variance and completeness screening
sensor_47,47,FAB_IN_LINE_SENSOR,float64,UNKNOWN / NOT DOCUMENTED,Raw in-line sensor reading,Semiconductor in-line sensor channel 47,UCI_SECOM,Yield_Defect_Classification,IN_LINE_PROCESS,Current wafer,YES,SAFE,0.0006381620931716656,0.03596215621214384,1341,KEEP,Passes variance and completeness screening
sensor_48,48,FAB_IN_LINE_SENSOR,float64,UNKNOWN / NOT DOCUMENTED,Raw in-line sensor reading,Semiconductor in-line sensor channel 48,UCI_SECOM,Yield_Defect_Classification,IN_LINE_PROCESS,Current wafer,YES,SAFE,0.0006381620931716656,20.468846284794957,1486,KEEP,Passes variance and completeness screening
sensor_49,49,FAB_IN_LINE_SENSOR,float64,UNKNOWN / NOT DOCUMENTED,Raw in-line sensor reading,Semiconductor in-line sensor channel 49,UCI_SECOM,Yield_Defect_Classification,IN_LINE_PROCESS,Current wafer,YES,SAFE,0.0006381620931716656,0.0,1,REMOVE,"Near-zero/zero variance (var=0.00e+00, unique=1)"
sensor_50,50,FAB_IN_LINE_SENSOR,float64,UNKNOWN / NOT DOCUMENTED,Raw in-line sensor reading,Semiconductor in-line sensor channel 50,UCI_SECOM,Yield_Defect_Classification,IN_LINE_PROCESS,Current wafer,YES,SAFE,0.0006381620931716656,74.71848314837915,1520,KEEP,Passes variance and completeness screening
sensor_51,51,FAB_IN_LINE_SENSOR,float64,UNKNOWN / NOT DOCUMENTED,Raw in-line sensor reading,Semiconductor in-line sensor channel 51,UCI_SECOM,Yield_Defect_Classification,IN_LINE_PROCESS,Current wafer,YES,SAFE,0.0006381620931716656,3711.8688158565383,1562,KEEP,Passes variance and completeness screening
sensor_52,52,FAB_IN_LINE_SENSOR,float64,UNKNOWN / NOT DOCUMENTED,Raw in-line sensor reading,Semiconductor in-line sensor channel 52,UCI_SECOM,Yield_Defect_Classification,IN_LINE_PROCESS,Current wafer,YES,SAFE,0.0006381620931716656,0.0,1,REMOVE,"Near-zero/zero variance (var=0.00e+00, unique=1)"
sensor_53,53,FAB_IN_LINE_SENSOR,float64,UNKNOWN / NOT DOCUMENTED,Raw in-line sensor reading,Semiconductor in-line sensor channel 53,UCI_SECOM,Yield_Defect_Classification,IN_LINE_PROCESS,Current wafer,YES,SAFE,0.0025526483726866626,0.003019460758267982,153,KEEP,Passes variance and completeness screening
sensor_54,54,FAB_IN_LINE_SENSOR,float64,UNKNOWN / NOT DOCUMENTED,Raw in-line sensor reading,Semiconductor in-line sensor channel 54,UCI_SECOM,Yield_Defect_Classification,IN_LINE_PROCESS,Current wafer,YES,SAFE,0.0025526483726866626,0.0035498565580653124,169,KEEP,Passes variance and completeness screening
sensor_55,55,FAB_IN_LINE_SENSOR,float64,UNKNOWN / NOT DOCUMENTED,Raw in-line sensor reading,Semiconductor in-line sensor channel 55,UCI_SECOM,Yield_Defect_Classification,IN_LINE_PROCESS,Current wafer,YES,SAFE,0.0025526483726866626,663.0273391643995,107,KEEP,Passes variance and completeness screening
sensor_56,56,FAB_IN_LINE_SENSOR,float64,UNKNOWN / NOT DOCUMENTED,Raw in-line sensor reading,Semiconductor in-line sensor channel 56,UCI_SECOM,Yield_Defect_Classification,IN_LINE_PROCESS,Current wafer,YES,SAFE,0.0025526483726866626,4.6340170803217524e-05,187,KEEP,Passes variance and completeness screening
sensor_57,57,FAB_IN_LINE_SENSOR,float64,UNKNOWN / NOT DOCUMENTED,Raw in-line sensor reading,Semiconductor in-line sensor channel 57,UCI_SECOM,Yield_Defect_Classification,IN_LINE_PROCESS,Current wafer,YES,SAFE,0.0025526483726866626,1.743857661527824e-05,159,KEEP,Passes variance and completeness screening
sensor_58,58,FAB_IN_LINE_SENSOR,float64,UNKNOWN / NOT DOCUMENTED,Raw in-line sensor reading,Semiconductor in-line sensor channel 58,UCI_SECOM,Yield_Defect_Classification,IN_LINE_PROCESS,Current wafer,YES,SAFE,0.0025526483726866626,0.007241120885653599,382,KEEP,Passes variance and completeness screening
sensor_59,59,FAB_IN_LINE_SENSOR,float64,UNKNOWN / NOT DOCUMENTED,Raw in-line sensor reading,Semiconductor in-line sensor channel 59,UCI_SECOM,Yield_Defect_Classification,IN_LINE_PROCESS,Current wafer,YES,SAFE,0.004467134652201659,90.86321038312164,1500,KEEP,Passes variance and completeness screening
sensor_60,60,FAB_IN_LINE_SENSOR,float64,UNKNOWN / NOT DOCUMENTED,Raw in-line sensor reading,Semiconductor in-line sensor channel 60,UCI_SECOM,Yield_Defect_Classification,IN_LINE_PROCESS,Current wafer,YES,SAFE,0.0038289725590299937,36.335442824009355,1498,KEEP,Passes variance and completeness screening
sensor_61,61,FAB_IN_LINE_SENSOR,float64,UNKNOWN / NOT DOCUMENTED,Raw in-line sensor reading,Semiconductor in-line sensor channel 61,UCI_SECOM,Yield_Defect_Classification,IN_LINE_PROCESS,Current wafer,YES,SAFE,0.0038289725590299937,0.07555730046428162,1418,KEEP,Passes variance and completeness screening
sensor_62,62,FAB_IN_LINE_SENSOR,float64,UNKNOWN / NOT DOCUMENTED,Raw in-line sensor reading,Semiconductor in-line sensor channel 62,UCI_SECOM,Yield_Defect_Classification,IN_LINE_PROCESS,Current wafer,YES,SAFE,0.0038289725590299937,74.46001254038637,1518,KEEP,Passes variance and completeness screening
sensor_63,63,FAB_IN_LINE_SENSOR,float64,UNKNOWN / NOT DOCUMENTED,Raw in-line sensor reading,Semiconductor in-line sensor channel 63,UCI_SECOM,Yield_Defect_Classification,IN_LINE_PROCESS,Current wafer,YES,SAFE,0.004467134652201659,50.69245067966251,1534,KEEP,Passes variance and completeness screening
sensor_64,64,FAB_IN_LINE_SENSOR,float64,UNKNOWN / NOT DOCUMENTED,Raw in-line sensor reading,Semiconductor in-line sensor channel 64,UCI_SECOM,Yield_Defect_Classification,IN_LINE_PROCESS,Current wafer,YES,SAFE,0.004467134652201659,24.775182250200487,1496,KEEP,Passes variance and completeness screening
sensor_65,65,FAB_IN_LINE_SENSOR,float64,UNKNOWN / NOT DOCUMENTED,Raw in-line sensor reading,Semiconductor in-line sensor channel 65,UCI_SECOM,Yield_Defect_Classification,IN_LINE_PROCESS,Current wafer,YES,SAFE,0.004467134652201659,50.718654958467916,1550,KEEP,Passes variance and completeness screening
sensor_66,66,FAB_IN_LINE_SENSOR,float64,UNKNOWN / NOT DOCUMENTED,Raw in-line sensor reading,Semiconductor in-line sensor channel 66,UCI_SECOM,Yield_Defect_Classification,IN_LINE_PROCESS,Current wafer,YES,SAFE,0.0038289725590299937,135.09595015985482,1559,KEEP,Passes variance and completeness screening
sensor_67,67,FAB_IN_LINE_SENSOR,float64,UNKNOWN / NOT DOCUMENTED,Raw in-line sensor reading,Semiconductor in-line sensor channel 67,UCI_SECOM,Yield_Defect_Classification,IN_LINE_PROCESS,Current wafer,YES,SAFE,0.0038289725590299937,94557.66024119168,1306,KEEP,Passes variance and completeness screening
sensor_68,68,FAB_IN_LINE_SENSOR,float64,UNKNOWN / NOT DOCUMENTED,Raw in-line sensor reading,Semiconductor in-line sensor channel 68,UCI_SECOM,Yield_Defect_Classification,IN_LINE_PROCESS,Current wafer,YES,SAFE,0.0038289725590299937,17.978407160493415,1479,KEEP,Passes variance and completeness screening
sensor_69,69,FAB_IN_LINE_SENSOR,float64,UNKNOWN / NOT DOCUMENTED,Raw in-line sensor reading,Semiconductor in-line sensor channel 69,UCI_SECOM,Yield_Defect_Classification,IN_LINE_PROCESS,Current wafer,YES,SAFE,0.0038289725590299937,0.0,1,REMOVE,"Near-zero/zero variance (var=0.00e+00, unique=1)"
sensor_70,70,FAB_IN_LINE_SENSOR,float64,UNKNOWN / NOT DOCUMENTED,Raw in-line sensor reading,Semiconductor in-line sensor channel 70,UCI_SECOM,Yield_Defect_Classification,IN_LINE_PROCESS,Current wafer,YES,SAFE,0.0038289725590299937,90.99615286099841,1533,KEEP,Passes variance and completeness screening
sensor_71,71,FAB_IN_LINE_SENSOR,float64,UNKNOWN / NOT DOCUMENTED,Raw in-line sensor reading,Semiconductor in-line sensor channel 71,UCI_SECOM,Yield_Defect_Classification,IN_LINE_PROCESS,Current wafer,YES,SAFE,0.0038289725590299937,1001.8426938973171,1557,KEEP,Passes variance and completeness screening
sensor_72,72,FAB_IN_LINE_SENSOR,float64,UNKNOWN / NOT DOCUMENTED,Raw in-line sensor reading,Semiconductor in-line sensor channel 72,UCI_SECOM,Yield_Defect_Classification,IN_LINE_PROCESS,Current wafer,YES,SAFE,0.5067007019783025,338.13623906516705,773,REMOVE,Excessive missingness (50.7% > 50%)
sensor_73,73,FAB_IN_LINE_SENSOR,float64,UNKNOWN / NOT DOCUMENTED,Raw in-line sensor reading,Semiconductor in-line sensor channel 73,UCI_SECOM,Yield_Defect_Classification,IN_LINE_PROCESS,Current wafer,YES,SAFE,0.5067007019783025,310.8128676860849,770,REMOVE,Excessive missingness (50.7% > 50%)
sensor_74,74,FAB_IN_LINE_SENSOR,float64,UNKNOWN / NOT DOCUMENTED,Raw in-line sensor reading,Semiconductor in-line sensor channel 74,UCI_SECOM,Yield_Defect_Classification,IN_LINE_PROCESS,Current wafer,YES,SAFE,0.0038289725590299937,0.011276246156310041,2,KEEP,Passes variance and completeness screening
sensor_75,75,FAB_IN_LINE_SENSOR,float64,UNKNOWN / NOT DOCUMENTED,Raw in-line sensor reading,Semiconductor in-line sensor channel 75,UCI_SECOM,Yield_Defect_Classification,IN_LINE_PROCESS,Current wafer,YES,SAFE,0.015315890236119975,0.000496940710560138,675,KEEP,Passes variance and completeness screening
sensor_76,76,FAB_IN_LINE_SENSOR,float64,UNKNOWN / NOT DOCUMENTED,Raw in-line sensor reading,Semiconductor in-line sensor channel 76,UCI_SECOM,Yield_Defect_Classification,IN_LINE_PROCESS,Current wafer,YES,SAFE,0.015315890236119975,0.0011024577626164939,891,KEEP,Passes variance and completeness screening
sensor_77,77,FAB_IN_LINE_SENSOR,float64,UNKNOWN / NOT DOCUMENTED,Raw in-line sensor reading,Semiconductor in-line sensor channel 77,UCI_SECOM,Yield_Defect_Classification,IN_LINE_PROCESS,Current wafer,YES,SAFE,0.015315890236119975,0.0009839660465110415,842,KEEP,Passes variance and completeness screening
sensor_78,78,FAB_IN_LINE_SENSOR,float64,UNKNOWN / NOT DOCUMENTED,Raw in-line sensor reading,Semiconductor in-line sensor channel 78,UCI_SECOM,Yield_Defect_Classification,IN_LINE_PROCESS,Current wafer,YES,SAFE,0.015315890236119975,0.002291757258452675,995,KEEP,Passes variance and completeness screening
sensor_79,79,FAB_IN_LINE_SENSOR,float64,UNKNOWN / NOT DOCUMENTED,Raw in-line sensor reading,Semiconductor in-line sensor channel 79,UCI_SECOM,Yield_Defect_Classification,IN_LINE_PROCESS,Current wafer,YES,SAFE,0.015315890236119975,0.0005326701365019884,691,KEEP,Passes variance and completeness screening
sensor_80,80,FAB_IN_LINE_SENSOR,float64,UNKNOWN / NOT DOCUMENTED,Raw in-line sensor reading,Semiconductor in-line sensor channel 80,UCI_SECOM,Yield_Defect_Classification,IN_LINE_PROCESS,Current wafer,YES,SAFE,0.015315890236119975,0.0024232009259086474,922,KEEP,Passes variance and completeness screening
sensor_81,81,FAB_IN_LINE_SENSOR,float64,UNKNOWN / NOT DOCUMENTED,Raw in-line sensor reading,Semiconductor in-line sensor channel 81,UCI_SECOM,Yield_Defect_Classification,IN_LINE_PROCESS,Current wafer,YES,SAFE,0.015315890236119975,0.00028971867724454105,580,KEEP,Passes variance and completeness screening
sensor_82,82,FAB_IN_LINE_SENSOR,float64,UNKNOWN / NOT DOCUMENTED,Raw in-line sensor reading,Semiconductor in-line sensor channel 82,UCI_SECOM,Yield_Defect_Classification,IN_LINE_PROCESS,Current wafer,YES,SAFE,0.015315890236119975,0.0013013557980268197,888,KEEP,Passes variance and completeness screening
sensor_83,83,FAB_IN_LINE_SENSOR,float64,UNKNOWN / NOT DOCUMENTED,Raw in-line sensor reading,Semiconductor in-line sensor channel 83,UCI_SECOM,Yield_Defect_Classification,IN_LINE_PROCESS,Current wafer,YES,SAFE,0.0006381620931716656,0.2665154925133079,1506,KEEP,Passes variance and completeness screening
sensor_84,84,FAB_IN_LINE_SENSOR,float64,UNKNOWN / NOT DOCUMENTED,Raw in-line sensor reading,Semiconductor in-line sensor channel 84,UCI_SECOM,Yield_Defect_Classification,IN_LINE_PROCESS,Current wafer,YES,SAFE,0.007657945118059987,2.5515645242854246e-05,180,KEEP,Passes variance and completeness screening
sensor_85,85,FAB_IN_LINE_SENSOR,float64,UNKNOWN / NOT DOCUMENTED,Raw in-line sensor reading,Semiconductor in-line sensor channel 85,UCI_SECOM,Yield_Defect_Classification,IN_LINE_PROCESS,Current wafer,YES,SAFE,0.8557753669432036,8.575093805309723e-06,97,REMOVE,Excessive missingness (85.6% > 50%)
sensor_86,86,FAB_IN_LINE_SENSOR,float64,UNKNOWN / NOT DOCUMENTED,Raw in-line sensor reading,Semiconductor in-line sensor channel 86,UCI_SECOM,Yield_Defect_Classification,IN_LINE_PROCESS,Current wafer,YES,SAFE,0.0,0.001393667861170811,472,KEEP,Passes variance and completeness screening
sensor_87,87,FAB_IN_LINE_SENSOR,float64,UNKNOWN / NOT DOCUMENTED,Raw in-line sensor reading,Semiconductor in-line sensor channel 87,UCI_SECOM,Yield_Defect_Classification,IN_LINE_PROCESS,Current wafer,YES,SAFE,0.0,0.0001650670464016379,249,KEEP,Passes variance and completeness screening
sensor_88,88,FAB_IN_LINE_SENSOR,float64,UNKNOWN / NOT DOCUMENTED,Raw in-line sensor reading,Semiconductor in-line sensor channel 88,UCI_SECOM,Yield_Defect_Classification,IN_LINE_PROCESS,Current wafer,YES,SAFE,0.0,2866.2384441299687,973,KEEP,Passes variance and completeness screening
sensor_89,89,FAB_IN_LINE_SENSOR,float64,UNKNOWN / NOT DOCUMENTED,Raw in-line sensor reading,Semiconductor in-line sensor channel 89,UCI_SECOM,Yield_Defect_Classification,IN_LINE_PROCESS,Current wafer,YES,SAFE,0.03254626675175495,0.002742916933440442,650,KEEP,Passes variance and completeness screening
sensor_90,90,FAB_IN_LINE_SENSOR,float64,UNKNOWN / NOT DOCUMENTED,Raw in-line sensor reading,Semiconductor in-line sensor channel 90,UCI_SECOM,Yield_Defect_Classification,IN_LINE_PROCESS,Current wafer,YES,SAFE,0.03254626675175495,157064.51857691302,1513,KEEP,Passes variance and completeness screening
sensor_91,91,FAB_IN_LINE_SENSOR,float64,UNKNOWN / NOT DOCUMENTED,Raw in-line sensor reading,Semiconductor in-line sensor channel 91,UCI_SECOM,Yield_Defect_Classification,IN_LINE_PROCESS,Current wafer,YES,SAFE,0.0038289725590299937,0.007688300488181475,1191,KEEP,Passes variance and completeness screening
sensor_92,92,FAB_IN_LINE_SENSOR,float64,UNKNOWN / NOT DOCUMENTED,Raw in-line sensor reading,Semiconductor in-line sensor channel 92,UCI_SECOM,Yield_Defect_Classification,IN_LINE_PROCESS,Current wafer,YES,SAFE,0.0012763241863433313,1.0439517563713915e-05,180,KEEP,Passes variance and completeness screening
sensor_93,93,FAB_IN_LINE_SENSOR,float64,UNKNOWN / NOT DOCUMENTED,Raw in-line sensor reading,Semiconductor in-line sensor channel 93,UCI_SECOM,Yield_Defect_Classification,IN_LINE_PROCESS,Current wafer,YES,SAFE,0.0012763241863433313,9.059099482771297e-06,174,KEEP,Passes variance and completeness screening
sensor_94,94,FAB_IN_LINE_SENSOR,float64,UNKNOWN / NOT DOCUMENTED,Raw in-line sensor reading,Semiconductor in-line sensor channel 94,UCI_SECOM,Yield_Defect_Classification,IN_LINE_PROCESS,Current wafer,YES,SAFE,0.0038289725590299937,3.0322927446245835e-08,22,REMOVE,"Near-zero/zero variance (var=3.03e-08, unique=22)"
sensor_95,95,FAB_IN_LINE_SENSOR,float64,UNKNOWN / NOT DOCUMENTED,Raw in-line sensor reading,Semiconductor in-line sensor channel 95,UCI_SECOM,Yield_Defect_Classification,IN_LINE_PROCESS,Current wafer,YES,SAFE,0.0038289725590299937,1.0901024983984624e-08,14,REMOVE,"Near-zero/zero variance (var=1.09e-08, unique=14)"
sensor_96,96,FAB_IN_LINE_SENSOR,float64,UNKNOWN / NOT DOCUMENTED,Raw in-line sensor reading,Semiconductor in-line sensor channel 96,UCI_SECOM,Yield_Defect_Classification,IN_LINE_PROCESS,Current wafer,YES,SAFE,0.0038289725590299937,0.048214561545754694,1333,KEEP,Passes variance and completeness screening
sensor_97,97,FAB_IN_LINE_SENSOR,float64,UNKNOWN / NOT DOCUMENTED,Raw in-line sensor reading,Semiconductor in-line sensor channel 97,UCI_SECOM,Yield_Defect_Classification,IN_LINE_PROCESS,Current wafer,YES,SAFE,0.0038289725590299937,0.0,1,REMOVE,"Near-zero/zero variance (var=0.00e+00, unique=1)"
sensor_98,98,FAB_IN_LINE_SENSOR,float64,UNKNOWN / NOT DOCUMENTED,Raw in-line sensor reading,Semiconductor in-line sensor channel 98,UCI_SECOM,Yield_Defect_Classification,IN_LINE_PROCESS,Current wafer,YES,SAFE,0.0038289725590299937,0.18242276916571398,1420,KEEP,Passes variance and completeness screening
sensor_99,99,FAB_IN_LINE_SENSOR,float64,UNKNOWN / NOT DOCUMENTED,Raw in-line sensor reading,Semiconductor in-line sensor channel 99,UCI_SECOM,Yield_Defect_Classification,IN_LINE_PROCESS,Current wafer,YES,SAFE,0.0038289725590299937,0.003936356967681795,272,KEEP,Passes variance and completeness screening
sensor_100,100,FAB_IN_LINE_SENSOR,float64,UNKNOWN / NOT DOCUMENTED,Raw in-line sensor reading,Semiconductor in-line sensor channel 100,UCI_SECOM,Yield_Defect_Classification,IN_LINE_PROCESS,Current wafer,YES,SAFE,0.0038289725590299937,1.264063388031998e-07,35,REMOVE,"Near-zero/zero variance (var=1.26e-07, unique=35)"
sensor_101,101,FAB_IN_LINE_SENSOR,float64,UNKNOWN / NOT DOCUMENTED,Raw in-line sensor reading,Semiconductor in-line sensor channel 101,UCI_SECOM,Yield_Defect_Classification,IN_LINE_PROCESS,Current wafer,YES,SAFE,0.0038289725590299937,4.873602555889551e-08,29,REMOVE,"Near-zero/zero variance (var=4.87e-08, unique=29)"
sensor_102,102,FAB_IN_LINE_SENSOR,float64,UNKNOWN / NOT DOCUMENTED,Raw in-line sensor reading,Semiconductor in-line sensor channel 102,UCI_SECOM,Yield_Defect_Classification,IN_LINE_PROCESS,Current wafer,YES,SAFE,0.0038289725590299937,0.003964926709604297,1066,KEEP,Passes variance and completeness screening
sensor_103,103,FAB_IN_LINE_SENSOR,float64,UNKNOWN / NOT DOCUMENTED,Raw in-line sensor reading,Semiconductor in-line sensor channel 103,UCI_SECOM,Yield_Defect_Classification,IN_LINE_PROCESS,Current wafer,YES,SAFE,0.0012763241863433313,9.391459818765678e-06,153,KEEP,Passes variance and completeness screening
sensor_104,104,FAB_IN_LINE_SENSOR,float64,UNKNOWN / NOT DOCUMENTED,Raw in-line sensor reading,Semiconductor in-line sensor channel 104,UCI_SECOM,Yield_Defect_Classification,IN_LINE_PROCESS,Current wafer,YES,SAFE,0.0012763241863433313,7.237051878120327e-07,55,REMOVE,"Near-zero/zero variance (var=7.24e-07, unique=55)"
sensor_105,105,FAB_IN_LINE_SENSOR,float64,UNKNOWN / NOT DOCUMENTED,Raw in-line sensor reading,Semiconductor in-line sensor channel 105,UCI_SECOM,Yield_Defect_Classification,IN_LINE_PROCESS,Current wafer,YES,SAFE,0.0038289725590299937,1.025491219468125e-05,177,KEEP,Passes variance and completeness screening
sensor_106,106,FAB_IN_LINE_SENSOR,float64,UNKNOWN / NOT DOCUMENTED,Raw in-line sensor reading,Semiconductor in-line sensor channel 106,UCI_SECOM,Yield_Defect_Classification,IN_LINE_PROCESS,Current wafer,YES,SAFE,0.0038289725590299937,8.92762259564053e-06,180,KEEP,Passes variance and completeness screening
sensor_107,107,FAB_IN_LINE_SENSOR,float64,UNKNOWN / NOT DOCUMENTED,Raw in-line sensor reading,Semiconductor in-line sensor channel 107,UCI_SECOM,Yield_Defect_Classification,IN_LINE_PROCESS,Current wafer,YES,SAFE,0.0038289725590299937,0.007651836337760147,1159,KEEP,Passes variance and completeness screening
sensor_108,108,FAB_IN_LINE_SENSOR,float64,UNKNOWN / NOT DOCUMENTED,Raw in-line sensor reading,Semiconductor in-line sensor channel 108,UCI_SECOM,Yield_Defect_Classification,IN_LINE_PROCESS,Current wafer,YES,SAFE,0.0038289725590299937,0.007526909831427914,1183,KEEP,Passes variance and completeness screening
sensor_109,109,FAB_IN_LINE_SENSOR,float64,UNKNOWN / NOT DOCUMENTED,Raw in-line sensor reading,Semiconductor in-line sensor channel 109,UCI_SECOM,Yield_Defect_Classification,IN_LINE_PROCESS,Current wafer,YES,SAFE,0.6496490108487556,7.560109376038716e-05,96,REMOVE,Excessive missingness (65.0% > 50%)
sensor_110,110,FAB_IN_LINE_SENSOR,float64,UNKNOWN / NOT DOCUMENTED,Raw in-line sensor reading,Semiconductor in-line sensor channel 110,UCI_SECOM,Yield_Defect_Classification,IN_LINE_PROCESS,Current wafer,YES,SAFE,0.6496490108487556,3.5347283260002276,546,REMOVE,Excessive missingness (65.0% > 50%)
sensor_111,111,FAB_IN_LINE_SENSOR,float64,UNKNOWN / NOT DOCUMENTED,Raw in-line sensor reading,Semiconductor in-line sensor channel 111,UCI_SECOM,Yield_Defect_Classification,IN_LINE_PROCESS,Current wafer,YES,SAFE,0.6496490108487556,4.432363528516283,545,REMOVE,Excessive missingness (65.0% > 50%)
sensor_112,112,FAB_IN_LINE_SENSOR,float64,UNKNOWN / NOT DOCUMENTED,Raw in-line sensor reading,Semiconductor in-line sensor channel 112,UCI_SECOM,Yield_Defect_Classification,IN_LINE_PROCESS,Current wafer,YES,SAFE,0.4562858966177409,0.0023950727386587442,249,KEEP,Passes variance and completeness screening
sensor_113,113,FAB_IN_LINE_SENSOR,float64,UNKNOWN / NOT DOCUMENTED,Raw in-line sensor reading,Semiconductor in-line sensor channel 113,UCI_SECOM,Yield_Defect_Classification,IN_LINE_PROCESS,Current wafer,YES,SAFE,0.0,0.0001472065857839002,468,KEEP,Passes variance and completeness screening
sensor_114,114,FAB_IN_LINE_SENSOR,float64,UNKNOWN / NOT DOCUMENTED,Raw in-line sensor reading,Semiconductor in-line sensor channel 114,UCI_SECOM,Yield_Defect_Classification,IN_LINE_PROCESS,Current wafer,YES,SAFE,0.0,2.782538181735197e-06,20,KEEP,Passes variance and completeness screening
sensor_115,115,FAB_IN_LINE_SENSOR,float64,UNKNOWN / NOT DOCUMENTED,Raw in-line sensor reading,Semiconductor in-line sensor channel 115,UCI_SECOM,Yield_Defect_Classification,IN_LINE_PROCESS,Current wafer,YES,SAFE,0.0,2396.0290622552675,1567,KEEP,Passes variance and completeness screening
sensor_116,116,FAB_IN_LINE_SENSOR,float64,UNKNOWN / NOT DOCUMENTED,Raw in-line sensor reading,Semiconductor in-line sensor channel 116,UCI_SECOM,Yield_Defect_Classification,IN_LINE_PROCESS,Current wafer,YES,SAFE,0.0,9.01835927792326e-05,136,KEEP,Passes variance and completeness screening
sensor_117,117,FAB_IN_LINE_SENSOR,float64,UNKNOWN / NOT DOCUMENTED,Raw in-line sensor reading,Semiconductor in-line sensor channel 117,UCI_SECOM,Yield_Defect_Classification,IN_LINE_PROCESS,Current wafer,YES,SAFE,0.0,42.05748769532686,1527,KEEP,Passes variance and completeness screening
sensor_118,118,FAB_IN_LINE_SENSOR,float64,UNKNOWN / NOT DOCUMENTED,Raw in-line sensor reading,Semiconductor in-line sensor channel 118,UCI_SECOM,Yield_Defect_Classification,IN_LINE_PROCESS,Current wafer,YES,SAFE,0.015315890236119975,6.563458496721311e-05,328,KEEP,Passes variance and completeness screening
sensor_119,119,FAB_IN_LINE_SENSOR,float64,UNKNOWN / NOT DOCUMENTED,Raw in-line sensor reading,Semiconductor in-line sensor channel 119,UCI_SECOM,Yield_Defect_Classification,IN_LINE_PROCESS,Current wafer,YES,SAFE,0.0,8.007676087504004e-05,249,KEEP,Passes variance and completeness screening
sensor_120,120,FAB_IN_LINE_SENSOR,float64,UNKNOWN / NOT DOCUMENTED,Raw in-line sensor reading,Semiconductor in-line sensor channel 120,UCI_SECOM,Yield_Defect_Classification,IN_LINE_PROCESS,Current wafer,YES,SAFE,0.0,0.015451581590433599,1269,KEEP,Passes variance and completeness screening
sensor_121,121,FAB_IN_LINE_SENSOR,float64,UNKNOWN / NOT DOCUMENTED,Raw in-line sensor reading,Semiconductor in-line sensor channel 121,UCI_SECOM,Yield_Defect_Classification,IN_LINE_PROCESS,Current wafer,YES,SAFE,0.00574345883854499,0.009923690888719045,54,KEEP,Passes variance and completeness screening
sensor_122,122,FAB_IN_LINE_SENSOR,float64,UNKNOWN / NOT DOCUMENTED,Raw in-line sensor reading,Semiconductor in-line sensor channel 122,UCI_SECOM,Yield_Defect_Classification,IN_LINE_PROCESS,Current wafer,YES,SAFE,0.00574345883854499,0.8174338282026674,309,KEEP,Passes variance and completeness screening
sensor_123,123,FAB_IN_LINE_SENSOR,float64,UNKNOWN / NOT DOCUMENTED,Raw in-line sensor reading,Semiconductor in-line sensor channel 123,UCI_SECOM,Yield_Defect_Classification,IN_LINE_PROCESS,Current wafer,YES,SAFE,0.00574345883854499,0.01173212569348086,50,KEEP,Passes variance and completeness screening
sensor_124,124,FAB_IN_LINE_SENSOR,float64,UNKNOWN / NOT DOCUMENTED,Raw in-line sensor reading,Semiconductor in-line sensor channel 124,UCI_SECOM,Yield_Defect_Classification,IN_LINE_PROCESS,Current wafer,YES,SAFE,0.00574345883854499,0.013028782392326518,59,KEEP,Passes variance and completeness screening
sensor_125,125,FAB_IN_LINE_SENSOR,float64,UNKNOWN / NOT DOCUMENTED,Raw in-line sensor reading,Semiconductor in-line sensor channel 125,UCI_SECOM,Yield_Defect_Classification,IN_LINE_PROCESS,Current wafer,YES,SAFE,0.00574345883854499,0.07871093279650557,155,KEEP,Passes variance and completeness screening
sensor_126,126,FAB_IN_LINE_SENSOR,float64,UNKNOWN / NOT DOCUMENTED,Raw in-line sensor reading,Semiconductor in-line sensor channel 126,UCI_SECOM,Yield_Defect_Classification,IN_LINE_PROCESS,Current wafer,YES,SAFE,0.00574345883854499,0.06424745417770425,273,KEEP,Passes variance and completeness screening
sensor_127,127,FAB_IN_LINE_SENSOR,float64,UNKNOWN / NOT DOCUMENTED,Raw in-line sensor reading,Semiconductor in-line sensor channel 127,UCI_SECOM,Yield_Defect_Classification,IN_LINE_PROCESS,Current wafer,YES,SAFE,0.00574345883854499,0.018335560840219704,324,KEEP,Passes variance and completeness screening
sensor_128,128,FAB_IN_LINE_SENSOR,float64,UNKNOWN / NOT DOCUMENTED,Raw in-line sensor reading,Semiconductor in-line sensor channel 128,UCI_SECOM,Yield_Defect_Classification,IN_LINE_PROCESS,Current wafer,YES,SAFE,0.00574345883854499,0.06978818897306711,268,KEEP,Passes variance and completeness screening
sensor_129,129,FAB_IN_LINE_SENSOR,float64,UNKNOWN / NOT DOCUMENTED,Raw in-line sensor reading,Semiconductor in-line sensor channel 129,UCI_SECOM,Yield_Defect_Classification,IN_LINE_PROCESS,Current wafer,YES,SAFE,0.00574345883854499,1.4895683782156242,93,KEEP,Passes variance and completeness screening
sensor_130,130,FAB_IN_LINE_SENSOR,float64,UNKNOWN / NOT DOCUMENTED,Raw in-line sensor reading,Semiconductor in-line sensor channel 130,UCI_SECOM,Yield_Defect_Classification,IN_LINE_PROCESS,Current wafer,YES,SAFE,0.00574345883854499,0.006811409483301632,310,KEEP,Passes variance and completeness screening
sensor_131,131,FAB_IN_LINE_SENSOR,float64,UNKNOWN / NOT DOCUMENTED,Raw in-line sensor reading,Semiconductor in-line sensor channel 131,UCI_SECOM,Yield_Defect_Classification,IN_LINE_PROCESS,Current wafer,YES,SAFE,0.00574345883854499,5.065094108927042e-06,68,KEEP,Passes variance and completeness screening
sensor_132,132,FAB_IN_LINE_SENSOR,float64,UNKNOWN / NOT DOCUMENTED,Raw in-line sensor reading,Semiconductor in-line sensor channel 132,UCI_SECOM,Yield_Defect_Classification,IN_LINE_PROCESS,Current wafer,YES,SAFE,0.005105296745373325,0.0028281978644271,306,KEEP,Passes variance and completeness screening
sensor_133,133,FAB_IN_LINE_SENSOR,float64,UNKNOWN / NOT DOCUMENTED,Raw in-line sensor reading,Semiconductor in-line sensor channel 133,UCI_SECOM,Yield_Defect_Classification,IN_LINE_PROCESS,Current wafer,YES,SAFE,0.005105296745373325,42.74153638709451,336,KEEP,Passes variance and completeness screening
sensor_134,134,FAB_IN_LINE_SENSOR,float64,UNKNOWN / NOT DOCUMENTED,Raw in-line sensor reading,Semiconductor in-line sensor channel 134,UCI_SECOM,Yield_Defect_Classification,IN_LINE_PROCESS,Current wafer,YES,SAFE,0.005105296745373325,8.942947204486616,335,KEEP,Passes variance and completeness screening
sensor_135,135,FAB_IN_LINE_SENSOR,float64,UNKNOWN / NOT DOCUMENTED,Raw in-line sensor reading,Semiconductor in-line sensor channel 135,UCI_SECOM,Yield_Defect_Classification,IN_LINE_PROCESS,Current wafer,YES,SAFE,0.003190810465858328,3311.3841241497084,134,KEEP,Passes variance and completeness screening
sensor_136,136,FAB_IN_LINE_SENSOR,float64,UNKNOWN / NOT DOCUMENTED,Raw in-line sensor reading,Semiconductor in-line sensor channel 136,UCI_SECOM,Yield_Defect_Classification,IN_LINE_PROCESS,Current wafer,YES,SAFE,0.0038289725590299937,2906.265639054518,1089,KEEP,Passes variance and completeness screening
sensor_137,137,FAB_IN_LINE_SENSOR,float64,UNKNOWN / NOT DOCUMENTED,Raw in-line sensor reading,Semiconductor in-line sensor channel 137,UCI_SECOM,Yield_Defect_Classification,IN_LINE_PROCESS,Current wafer,YES,SAFE,0.004467134652201659,2730.3775512738275,1059,KEEP,Passes variance and completeness screening
sensor_138,138,FAB_IN_LINE_SENSOR,float64,UNKNOWN / NOT DOCUMENTED,Raw in-line sensor reading,Semiconductor in-line sensor channel 138,UCI_SECOM,Yield_Defect_Classification,IN_LINE_PROCESS,Current wafer,YES,SAFE,0.008934269304403318,152.40786558275798,348,KEEP,Passes variance and completeness screening
sensor_139,139,FAB_IN_LINE_SENSOR,float64,UNKNOWN / NOT DOCUMENTED,Raw in-line sensor reading,Semiconductor in-line sensor channel 139,UCI_SECOM,Yield_Defect_Classification,IN_LINE_PROCESS,Current wafer,YES,SAFE,0.008934269304403318,69327.21331627788,518,KEEP,Passes variance and completeness screening
sensor_140,140,FAB_IN_LINE_SENSOR,float64,UNKNOWN / NOT DOCUMENTED,Raw in-line sensor reading,Semiconductor in-line sensor channel 140,UCI_SECOM,Yield_Defect_Classification,IN_LINE_PROCESS,Current wafer,YES,SAFE,0.008934269304403318,256970.02205667223,498,KEEP,Passes variance and completeness screening
sensor_141,141,FAB_IN_LINE_SENSOR,float64,UNKNOWN / NOT DOCUMENTED,Raw in-line sensor reading,Semiconductor in-line sensor channel 141,UCI_SECOM,Yield_Defect_Classification,IN_LINE_PROCESS,Current wafer,YES,SAFE,0.008934269304403318,0.0,1,REMOVE,"Near-zero/zero variance (var=0.00e+00, unique=1)"
sensor_142,142,FAB_IN_LINE_SENSOR,float64,UNKNOWN / NOT DOCUMENTED,Raw in-line sensor reading,Semiconductor in-line sensor channel 142,UCI_SECOM,Yield_Defect_Classification,IN_LINE_PROCESS,Current wafer,YES,SAFE,0.008934269304403318,12.618510114527254,374,KEEP,Passes variance and completeness screening
sensor_143,143,FAB_IN_LINE_SENSOR,float64,UNKNOWN / NOT DOCUMENTED,Raw in-line sensor reading,Semiconductor in-line sensor channel 143,UCI_SECOM,Yield_Defect_Classification,IN_LINE_PROCESS,Current wafer,YES,SAFE,0.00574345883854499,1.6430351479054775e-06,63,KEEP,Passes variance and completeness screening
sensor_144,144,FAB_IN_LINE_SENSOR,float64,UNKNOWN / NOT DOCUMENTED,Raw in-line sensor reading,Semiconductor in-line sensor channel 144,UCI_SECOM,Yield_Defect_Classification,IN_LINE_PROCESS,Current wafer,YES,SAFE,0.0012763241863433313,0.00376293733180262,961,KEEP,Passes variance and completeness screening
sensor_145,145,FAB_IN_LINE_SENSOR,float64,UNKNOWN / NOT DOCUMENTED,Raw in-line sensor reading,Semiconductor in-line sensor channel 145,UCI_SECOM,Yield_Defect_Classification,IN_LINE_PROCESS,Current wafer,YES,SAFE,0.0012763241863433313,0.0007044025657975372,656,KEEP,Passes variance and completeness screening
sensor_146,146,FAB_IN_LINE_SENSOR,float64,UNKNOWN / NOT DOCUMENTED,Raw in-line sensor reading,Semiconductor in-line sensor channel 146,UCI_SECOM,Yield_Defect_Classification,IN_LINE_PROCESS,Current wafer,YES,SAFE,0.0012763241863433313,0.0004771816448199505,579,KEEP,Passes variance and completeness screening
sensor_147,147,FAB_IN_LINE_SENSOR,float64,UNKNOWN / NOT DOCUMENTED,Raw in-line sensor reading,Semiconductor in-line sensor channel 147,UCI_SECOM,Yield_Defect_Classification,IN_LINE_PROCESS,Current wafer,YES,SAFE,0.0012763241863433313,0.0007356522448624399,294,KEEP,Passes variance and completeness screening
sensor_148,148,FAB_IN_LINE_SENSOR,float64,UNKNOWN / NOT DOCUMENTED,Raw in-line sensor reading,Semiconductor in-line sensor channel 148,UCI_SECOM,Yield_Defect_Classification,IN_LINE_PROCESS,Current wafer,YES,SAFE,0.0012763241863433313,351.21125287804455,1551,KEEP,Passes variance and completeness screening
sensor_149,149,FAB_IN_LINE_SENSOR,float64,UNKNOWN / NOT DOCUMENTED,Raw in-line sensor reading,Semiconductor in-line sensor channel 149,UCI_SECOM,Yield_Defect_Classification,IN_LINE_PROCESS,Current wafer,YES,SAFE,0.0019144862795149968,0.0,1,REMOVE,"Near-zero/zero variance (var=0.00e+00, unique=1)"
sensor_150,150,FAB_IN_LINE_SENSOR,float64,UNKNOWN / NOT DOCUMENTED,Raw in-line sensor reading,Semiconductor in-line sensor channel 150,UCI_SECOM,Yield_Defect_Classification,IN_LINE_PROCESS,Current wafer,YES,SAFE,0.0019144862795149968,10.509543642193679,1443,KEEP,Passes variance and completeness screening
sensor_151,151,FAB_IN_LINE_SENSOR,float64,UNKNOWN / NOT DOCUMENTED,Raw in-line sensor reading,Semiconductor in-line sensor channel 151,UCI_SECOM,Yield_Defect_Classification,IN_LINE_PROCESS,Current wafer,YES,SAFE,0.0019144862795149968,961.1575595215788,1498,KEEP,Passes variance and completeness screening
sensor_152,152,FAB_IN_LINE_SENSOR,float64,UNKNOWN / NOT DOCUMENTED,Raw in-line sensor reading,Semiconductor in-line sensor channel 152,UCI_SECOM,Yield_Defect_Classification,IN_LINE_PROCESS,Current wafer,YES,SAFE,0.0019144862795149968,545.8794311881048,1394,KEEP,Passes variance and completeness screening
sensor_153,153,FAB_IN_LINE_SENSOR,float64,UNKNOWN / NOT DOCUMENTED,Raw in-line sensor reading,Semiconductor in-line sensor channel 153,UCI_SECOM,Yield_Defect_Classification,IN_LINE_PROCESS,Current wafer,YES,SAFE,0.0019144862795149968,8.734167889804674e-05,219,KEEP,Passes variance and completeness screening
sensor_154,154,FAB_IN_LINE_SENSOR,float64,UNKNOWN / NOT DOCUMENTED,Raw in-line sensor reading,Semiconductor in-line sensor channel 154,UCI_SECOM,Yield_Defect_Classification,IN_LINE_PROCESS,Current wafer,YES,SAFE,0.0019144862795149968,27.449415246875446,1551,KEEP,Passes variance and completeness screening
sensor_155,155,FAB_IN_LINE_SENSOR,float64,UNKNOWN / NOT DOCUMENTED,Raw in-line sensor reading,Semiconductor in-line sensor channel 155,UCI_SECOM,Yield_Defect_Classification,IN_LINE_PROCESS,Current wafer,YES,SAFE,0.006381620931716656,1.2598418658186845,65,KEEP,Passes variance and completeness screening
sensor_156,156,FAB_IN_LINE_SENSOR,float64,UNKNOWN / NOT DOCUMENTED,Raw in-line sensor reading,Semiconductor in-line sensor channel 156,UCI_SECOM,Yield_Defect_Classification,IN_LINE_PROCESS,Current wafer,YES,SAFE,0.0,0.0062685995054447535,722,KEEP,Passes variance and completeness screening
sensor_157,157,FAB_IN_LINE_SENSOR,float64,UNKNOWN / NOT DOCUMENTED,Raw in-line sensor reading,Semiconductor in-line sensor channel 157,UCI_SECOM,Yield_Defect_Classification,IN_LINE_PROCESS,Current wafer,YES,SAFE,0.9119336311423102,0.0015632258203744842,128,REMOVE,Excessive missingness (91.2% > 50%)
sensor_158,158,FAB_IN_LINE_SENSOR,float64,UNKNOWN / NOT DOCUMENTED,Raw in-line sensor reading,Semiconductor in-line sensor channel 158,UCI_SECOM,Yield_Defect_Classification,IN_LINE_PROCESS,Current wafer,YES,SAFE,0.9119336311423102,165525.95445651622,138,REMOVE,Excessive missingness (91.2% > 50%)
sensor_159,159,FAB_IN_LINE_SENSOR,float64,UNKNOWN / NOT DOCUMENTED,Raw in-line sensor reading,Semiconductor in-line sensor channel 159,UCI_SECOM,Yield_Defect_Classification,IN_LINE_PROCESS,Current wafer,YES,SAFE,0.0012763241863433313,966373.5820048536,954,KEEP,Passes variance and completeness screening
sensor_160,160,FAB_IN_LINE_SENSOR,float64,UNKNOWN / NOT DOCUMENTED,Raw in-line sensor reading,Semiconductor in-line sensor channel 160,UCI_SECOM,Yield_Defect_Classification,IN_LINE_PROCESS,Current wafer,YES,SAFE,0.0012763241863433313,330404.9132297787,744,KEEP,Passes variance and completeness screening
sensor_161,161,FAB_IN_LINE_SENSOR,float64,UNKNOWN / NOT DOCUMENTED,Raw in-line sensor reading,Semiconductor in-line sensor channel 161,UCI_SECOM,Yield_Defect_Classification,IN_LINE_PROCESS,Current wafer,YES,SAFE,0.0012763241863433313,17971198.660493694,1411,KEEP,Passes variance and completeness screening
sensor_162,162,FAB_IN_LINE_SENSOR,float64,UNKNOWN / NOT DOCUMENTED,Raw in-line sensor reading,Semiconductor in-line sensor channel 162,UCI_SECOM,Yield_Defect_Classification,IN_LINE_PROCESS,Current wafer,YES,SAFE,0.0012763241863433313,42949270.79576657,1325,KEEP,Passes variance and completeness screening
sensor_163,163,FAB_IN_LINE_SENSOR,float64,UNKNOWN / NOT DOCUMENTED,Raw in-line sensor reading,Semiconductor in-line sensor channel 163,UCI_SECOM,Yield_Defect_Classification,IN_LINE_PROCESS,Current wafer,YES,SAFE,0.0012763241863433313,0.014881313662845327,260,KEEP,Passes variance and completeness screening
sensor_164,164,FAB_IN_LINE_SENSOR,float64,UNKNOWN / NOT DOCUMENTED,Raw in-line sensor reading,Semiconductor in-line sensor channel 164,UCI_SECOM,Yield_Defect_Classification,IN_LINE_PROCESS,Current wafer,YES,SAFE,0.0012763241863433313,0.05882256318688053,219,KEEP,Passes variance and completeness screening
sensor_165,165,FAB_IN_LINE_SENSOR,float64,UNKNOWN / NOT DOCUMENTED,Raw in-line sensor reading,Semiconductor in-line sensor channel 165,UCI_SECOM,Yield_Defect_Classification,IN_LINE_PROCESS,Current wafer,YES,SAFE,0.0012763241863433313,0.16591717837444744,404,KEEP,Passes variance and completeness screening
sensor_166,166,FAB_IN_LINE_SENSOR,float64,UNKNOWN / NOT DOCUMENTED,Raw in-line sensor reading,Semiconductor in-line sensor channel 166,UCI_SECOM,Yield_Defect_Classification,IN_LINE_PROCESS,Current wafer,YES,SAFE,0.0012763241863433313,1.2538532884469247,62,KEEP,Passes variance and completeness screening
sensor_167,167,FAB_IN_LINE_SENSOR,float64,UNKNOWN / NOT DOCUMENTED,Raw in-line sensor reading,Semiconductor in-line sensor channel 167,UCI_SECOM,Yield_Defect_Classification,IN_LINE_PROCESS,Current wafer,YES,SAFE,0.0012763241863433313,0.40039396811648675,31,KEEP,Passes variance and completeness screening
sensor_168,168,FAB_IN_LINE_SENSOR,float64,UNKNOWN / NOT DOCUMENTED,Raw in-line sensor reading,Semiconductor in-line sensor channel 168,UCI_SECOM,Yield_Defect_Classification,IN_LINE_PROCESS,Current wafer,YES,SAFE,0.0012763241863433313,0.002269438992343708,207,KEEP,Passes variance and completeness screening
sensor_169,169,FAB_IN_LINE_SENSOR,float64,UNKNOWN / NOT DOCUMENTED,Raw in-line sensor reading,Semiconductor in-line sensor channel 169,UCI_SECOM,Yield_Defect_Classification,IN_LINE_PROCESS,Current wafer,YES,SAFE,0.0012763241863433313,0.03917138228348709,652,KEEP,Passes variance and completeness screening
sensor_170,170,FAB_IN_LINE_SENSOR,float64,UNKNOWN / NOT DOCUMENTED,Raw in-line sensor reading,Semiconductor in-line sensor channel 170,UCI_SECOM,Yield_Defect_Classification,IN_LINE_PROCESS,Current wafer,YES,SAFE,0.0006381620931716656,0.02479616199950628,331,KEEP,Passes variance and completeness screening
sensor_171,171,FAB_IN_LINE_SENSOR,float64,UNKNOWN / NOT DOCUMENTED,Raw in-line sensor reading,Semiconductor in-line sensor channel 171,UCI_SECOM,Yield_Defect_Classification,IN_LINE_PROCESS,Current wafer,YES,SAFE,0.0006381620931716656,0.0036948002448026957,306,KEEP,Passes variance and completeness screening
sensor_172,172,FAB_IN_LINE_SENSOR,float64,UNKNOWN / NOT DOCUMENTED,Raw in-line sensor reading,Semiconductor in-line sensor channel 172,UCI_SECOM,Yield_Defect_Classification,IN_LINE_PROCESS,Current wafer,YES,SAFE,0.0006381620931716656,0.005075565875199426,307,KEEP,Passes variance and completeness screening
sensor_173,173,FAB_IN_LINE_SENSOR,float64,UNKNOWN / NOT DOCUMENTED,Raw in-line sensor reading,Semiconductor in-line sensor channel 173,UCI_SECOM,Yield_Defect_Classification,IN_LINE_PROCESS,Current wafer,YES,SAFE,0.0006381620931716656,0.009164992446402996,319,KEEP,Passes variance and completeness screening
sensor_174,174,FAB_IN_LINE_SENSOR,float64,UNKNOWN / NOT DOCUMENTED,Raw in-line sensor reading,Semiconductor in-line sensor channel 174,UCI_SECOM,Yield_Defect_Classification,IN_LINE_PROCESS,Current wafer,YES,SAFE,0.0006381620931716656,0.005076118763304893,308,KEEP,Passes variance and completeness screening
sensor_175,175,FAB_IN_LINE_SENSOR,float64,UNKNOWN / NOT DOCUMENTED,Raw in-line sensor reading,Semiconductor in-line sensor channel 175,UCI_SECOM,Yield_Defect_Classification,IN_LINE_PROCESS,Current wafer,YES,SAFE,0.0006381620931716656,0.01353083984098597,327,KEEP,Passes variance and completeness screening
sensor_176,176,FAB_IN_LINE_SENSOR,float64,UNKNOWN / NOT DOCUMENTED,Raw in-line sensor reading,Semiconductor in-line sensor channel 176,UCI_SECOM,Yield_Defect_Classification,IN_LINE_PROCESS,Current wafer,YES,SAFE,0.0006381620931716656,0.0056126754801839405,319,KEEP,Passes variance and completeness screening
sensor_177,177,FAB_IN_LINE_SENSOR,float64,UNKNOWN / NOT DOCUMENTED,Raw in-line sensor reading,Semiconductor in-line sensor channel 177,UCI_SECOM,Yield_Defect_Classification,IN_LINE_PROCESS,Current wafer,YES,SAFE,0.0006381620931716656,0.08003408544510138,250,KEEP,Passes variance and completeness screening
sensor_178,178,FAB_IN_LINE_SENSOR,float64,UNKNOWN / NOT DOCUMENTED,Raw in-line sensor reading,Semiconductor in-line sensor channel 178,UCI_SECOM,Yield_Defect_Classification,IN_LINE_PROCESS,Current wafer,YES,SAFE,0.015315890236119975,0.0,1,REMOVE,"Near-zero/zero variance (var=0.00e+00, unique=1)"
sensor_179,179,FAB_IN_LINE_SENSOR,float64,UNKNOWN / NOT DOCUMENTED,Raw in-line sensor reading,Semiconductor in-line sensor channel 179,UCI_SECOM,Yield_Defect_Classification,IN_LINE_PROCESS,Current wafer,YES,SAFE,0.0006381620931716656,0.0,1,REMOVE,"Near-zero/zero variance (var=0.00e+00, unique=1)"
sensor_180,180,FAB_IN_LINE_SENSOR,float64,UNKNOWN / NOT DOCUMENTED,Raw in-line sensor reading,Semiconductor in-line sensor channel 180,UCI_SECOM,Yield_Defect_Classification,IN_LINE_PROCESS,Current wafer,YES,SAFE,0.0006381620931716656,10.966909259300062,890,KEEP,Passes variance and completeness screening
sensor_181,181,FAB_IN_LINE_SENSOR,float64,UNKNOWN / NOT DOCUMENTED,Raw in-line sensor reading,Semiconductor in-line sensor channel 181,UCI_SECOM,Yield_Defect_Classification,IN_LINE_PROCESS,Current wafer,YES,SAFE,0.0006381620931716656,0.050356146480114584,687,KEEP,Passes variance and completeness screening
sensor_182,182,FAB_IN_LINE_SENSOR,float64,UNKNOWN / NOT DOCUMENTED,Raw in-line sensor reading,Semiconductor in-line sensor channel 182,UCI_SECOM,Yield_Defect_Classification,IN_LINE_PROCESS,Current wafer,YES,SAFE,0.0006381620931716656,17.33931721318432,905,KEEP,Passes variance and completeness screening
sensor_183,183,FAB_IN_LINE_SENSOR,float64,UNKNOWN / NOT DOCUMENTED,Raw in-line sensor reading,Semiconductor in-line sensor channel 183,UCI_SECOM,Yield_Defect_Classification,IN_LINE_PROCESS,Current wafer,YES,SAFE,0.0006381620931716656,46.73227578390108,1508,KEEP,Passes variance and completeness screening
sensor_184,184,FAB_IN_LINE_SENSOR,float64,UNKNOWN / NOT DOCUMENTED,Raw in-line sensor reading,Semiconductor in-line sensor channel 184,UCI_SECOM,Yield_Defect_Classification,IN_LINE_PROCESS,Current wafer,YES,SAFE,0.0006381620931716656,0.012143535428771949,1054,KEEP,Passes variance and completeness screening
sensor_185,185,FAB_IN_LINE_SENSOR,float64,UNKNOWN / NOT DOCUMENTED,Raw in-line sensor reading,Semiconductor in-line sensor channel 185,UCI_SECOM,Yield_Defect_Classification,IN_LINE_PROCESS,Current wafer,YES,SAFE,0.0006381620931716656,51.6776997384925,739,KEEP,Passes variance and completeness screening
sensor_186,186,FAB_IN_LINE_SENSOR,float64,UNKNOWN / NOT DOCUMENTED,Raw in-line sensor reading,Semiconductor in-line sensor channel 186,UCI_SECOM,Yield_Defect_Classification,IN_LINE_PROCESS,Current wafer,YES,SAFE,0.0006381620931716656,0.0,1,REMOVE,"Near-zero/zero variance (var=0.00e+00, unique=1)"
sensor_187,187,FAB_IN_LINE_SENSOR,float64,UNKNOWN / NOT DOCUMENTED,Raw in-line sensor reading,Semiconductor in-line sensor channel 187,UCI_SECOM,Yield_Defect_Classification,IN_LINE_PROCESS,Current wafer,YES,SAFE,0.0006381620931716656,74.13057970584575,1015,KEEP,Passes variance and completeness screening
sensor_188,188,FAB_IN_LINE_SENSOR,float64,UNKNOWN / NOT DOCUMENTED,Raw in-line sensor reading,Semiconductor in-line sensor channel 188,UCI_SECOM,Yield_Defect_Classification,IN_LINE_PROCESS,Current wafer,YES,SAFE,0.0006381620931716656,471.4055601706312,1550,KEEP,Passes variance and completeness screening
sensor_189,189,FAB_IN_LINE_SENSOR,float64,UNKNOWN / NOT DOCUMENTED,Raw in-line sensor reading,Semiconductor in-line sensor channel 189,UCI_SECOM,Yield_Defect_Classification,IN_LINE_PROCESS,Current wafer,YES,SAFE,0.0006381620931716656,0.0,1,REMOVE,"Near-zero/zero variance (var=0.00e+00, unique=1)"
sensor_190,190,FAB_IN_LINE_SENSOR,float64,UNKNOWN / NOT DOCUMENTED,Raw in-line sensor reading,Semiconductor in-line sensor channel 190,UCI_SECOM,Yield_Defect_Classification,IN_LINE_PROCESS,Current wafer,YES,SAFE,0.0025526483726866626,0.0,1,REMOVE,"Near-zero/zero variance (var=0.00e+00, unique=1)"
sensor_191,191,FAB_IN_LINE_SENSOR,float64,UNKNOWN / NOT DOCUMENTED,Raw in-line sensor reading,Semiconductor in-line sensor channel 191,UCI_SECOM,Yield_Defect_Classification,IN_LINE_PROCESS,Current wafer,YES,SAFE,0.0025526483726866626,0.0,1,REMOVE,"Near-zero/zero variance (var=0.00e+00, unique=1)"
sensor_192,192,FAB_IN_LINE_SENSOR,float64,UNKNOWN / NOT DOCUMENTED,Raw in-line sensor reading,Semiconductor in-line sensor channel 192,UCI_SECOM,Yield_Defect_Classification,IN_LINE_PROCESS,Current wafer,YES,SAFE,0.0025526483726866626,0.0,1,REMOVE,"Near-zero/zero variance (var=0.00e+00, unique=1)"
sensor_193,193,FAB_IN_LINE_SENSOR,float64,UNKNOWN / NOT DOCUMENTED,Raw in-line sensor reading,Semiconductor in-line sensor channel 193,UCI_SECOM,Yield_Defect_Classification,IN_LINE_PROCESS,Current wafer,YES,SAFE,0.0025526483726866626,0.0,1,REMOVE,"Near-zero/zero variance (var=0.00e+00, unique=1)"
sensor_194,194,FAB_IN_LINE_SENSOR,float64,UNKNOWN / NOT DOCUMENTED,Raw in-line sensor reading,Semiconductor in-line sensor channel 194,UCI_SECOM,Yield_Defect_Classification,IN_LINE_PROCESS,Current wafer,YES,SAFE,0.0025526483726866626,0.0,1,REMOVE,"Near-zero/zero variance (var=0.00e+00, unique=1)"
sensor_195,195,FAB_IN_LINE_SENSOR,float64,UNKNOWN / NOT DOCUMENTED,Raw in-line sensor reading,Semiconductor in-line sensor channel 195,UCI_SECOM,Yield_Defect_Classification,IN_LINE_PROCESS,Current wafer,YES,SAFE,0.0025526483726866626,0.15617273678118265,206,KEEP,Passes variance and completeness screening
sensor_196,196,FAB_IN_LINE_SENSOR,float64,UNKNOWN / NOT DOCUMENTED,Raw in-line sensor reading,Semiconductor in-line sensor channel 196,UCI_SECOM,Yield_Defect_Classification,IN_LINE_PROCESS,Current wafer,YES,SAFE,0.004467134652201659,247.1475212506373,867,KEEP,Passes variance and completeness screening
sensor_197,197,FAB_IN_LINE_SENSOR,float64,UNKNOWN / NOT DOCUMENTED,Raw in-line sensor reading,Semiconductor in-line sensor channel 197,UCI_SECOM,Yield_Defect_Classification,IN_LINE_PROCESS,Current wafer,YES,SAFE,0.0038289725590299937,111.34811387021797,898,KEEP,Passes variance and completeness screening
sensor_198,198,FAB_IN_LINE_SENSOR,float64,UNKNOWN / NOT DOCUMENTED,Raw in-line sensor reading,Semiconductor in-line sensor channel 198,UCI_SECOM,Yield_Defect_Classification,IN_LINE_PROCESS,Current wafer,YES,SAFE,0.0038289725590299937,0.28912687634816603,773,KEEP,Passes variance and completeness screening
sensor_199,199,FAB_IN_LINE_SENSOR,float64,UNKNOWN / NOT DOCUMENTED,Raw in-line sensor reading,Semiconductor in-line sensor channel 199,UCI_SECOM,Yield_Defect_Classification,IN_LINE_PROCESS,Current wafer,YES,SAFE,0.0038289725590299937,270.45631224297375,920,KEEP,Passes variance and completeness screening
sensor_200,200,FAB_IN_LINE_SENSOR,float64,UNKNOWN / NOT DOCUMENTED,Raw in-line sensor reading,Semiconductor in-line sensor channel 200,UCI_SECOM,Yield_Defect_Classification,IN_LINE_PROCESS,Current wafer,YES,SAFE,0.004467134652201659,75.5285880322692,1008,KEEP,Passes variance and completeness screening
sensor_201,201,FAB_IN_LINE_SENSOR,float64,UNKNOWN / NOT DOCUMENTED,Raw in-line sensor reading,Semiconductor in-line sensor channel 201,UCI_SECOM,Yield_Defect_Classification,IN_LINE_PROCESS,Current wafer,YES,SAFE,0.004467134652201659,26.055868479136855,861,KEEP,Passes variance and completeness screening
sensor_202,202,FAB_IN_LINE_SENSOR,float64,UNKNOWN / NOT DOCUMENTED,Raw in-line sensor reading,Semiconductor in-line sensor channel 202,UCI_SECOM,Yield_Defect_Classification,IN_LINE_PROCESS,Current wafer,YES,SAFE,0.004467134652201659,213.82933337608895,1470,KEEP,Passes variance and completeness screening
sensor_203,203,FAB_IN_LINE_SENSOR,float64,UNKNOWN / NOT DOCUMENTED,Raw in-line sensor reading,Semiconductor in-line sensor channel 203,UCI_SECOM,Yield_Defect_Classification,IN_LINE_PROCESS,Current wafer,YES,SAFE,0.0038289725590299937,304.9143865363077,1501,KEEP,Passes variance and completeness screening
sensor_204,204,FAB_IN_LINE_SENSOR,float64,UNKNOWN / NOT DOCUMENTED,Raw in-line sensor reading,Semiconductor in-line sensor channel 204,UCI_SECOM,Yield_Defect_Classification,IN_LINE_PROCESS,Current wafer,YES,SAFE,0.0038289725590299937,319339.4098861674,1210,KEEP,Passes variance and completeness screening
sensor_205,205,FAB_IN_LINE_SENSOR,float64,UNKNOWN / NOT DOCUMENTED,Raw in-line sensor reading,Semiconductor in-line sensor channel 205,UCI_SECOM,Yield_Defect_Classification,IN_LINE_PROCESS,Current wafer,YES,SAFE,0.0038289725590299937,133.1965906903037,841,KEEP,Passes variance and completeness screening
sensor_206,206,FAB_IN_LINE_SENSOR,float64,UNKNOWN / NOT DOCUMENTED,Raw in-line sensor reading,Semiconductor in-line sensor channel 206,UCI_SECOM,Yield_Defect_Classification,IN_LINE_PROCESS,Current wafer,YES,SAFE,0.0038289725590299937,0.0025624599615631013,2,KEEP,Passes variance and completeness screening
sensor_207,207,FAB_IN_LINE_SENSOR,float64,UNKNOWN / NOT DOCUMENTED,Raw in-line sensor reading,Semiconductor in-line sensor channel 207,UCI_SECOM,Yield_Defect_Classification,IN_LINE_PROCESS,Current wafer,YES,SAFE,0.0038289725590299937,306.16448132558025,1046,KEEP,Passes variance and completeness screening
sensor_208,208,FAB_IN_LINE_SENSOR,float64,UNKNOWN / NOT DOCUMENTED,Raw in-line sensor reading,Semiconductor in-line sensor channel 208,UCI_SECOM,Yield_Defect_Classification,IN_LINE_PROCESS,Current wafer,YES,SAFE,0.0038289725590299937,787.7645072420943,1549,KEEP,Passes variance and completeness screening
sensor_209,209,FAB_IN_LINE_SENSOR,float64,UNKNOWN / NOT DOCUMENTED,Raw in-line sensor reading,Semiconductor in-line sensor channel 209,UCI_SECOM,Yield_Defect_Classification,IN_LINE_PROCESS,Current wafer,YES,SAFE,0.0038289725590299937,1.3643962203715536,2,KEEP,Passes variance and completeness screening
sensor_210,210,FAB_IN_LINE_SENSOR,float64,UNKNOWN / NOT DOCUMENTED,Raw in-line sensor reading,Semiconductor in-line sensor channel 210,UCI_SECOM,Yield_Defect_Classification,IN_LINE_PROCESS,Current wafer,YES,SAFE,0.015315890236119975,0.0017694254949636573,798,KEEP,Passes variance and completeness screening
sensor_211,211,FAB_IN_LINE_SENSOR,float64,UNKNOWN / NOT DOCUMENTED,Raw in-line sensor reading,Semiconductor in-line sensor channel 211,UCI_SECOM,Yield_Defect_Classification,IN_LINE_PROCESS,Current wafer,YES,SAFE,0.015315890236119975,0.0006252572111363566,653,KEEP,Passes variance and completeness screening
sensor_212,212,FAB_IN_LINE_SENSOR,float64,UNKNOWN / NOT DOCUMENTED,Raw in-line sensor reading,Semiconductor in-line sensor channel 212,UCI_SECOM,Yield_Defect_Classification,IN_LINE_PROCESS,Current wafer,YES,SAFE,0.015315890236119975,0.0009971475888599448,681,KEEP,Passes variance and completeness screening
sensor_213,213,FAB_IN_LINE_SENSOR,float64,UNKNOWN / NOT DOCUMENTED,Raw in-line sensor reading,Semiconductor in-line sensor channel 213,UCI_SECOM,Yield_Defect_Classification,IN_LINE_PROCESS,Current wafer,YES,SAFE,0.015315890236119975,0.0028121346527600903,810,KEEP,Passes variance and completeness screening
sensor_214,214,FAB_IN_LINE_SENSOR,float64,UNKNOWN / NOT DOCUMENTED,Raw in-line sensor reading,Semiconductor in-line sensor channel 214,UCI_SECOM,Yield_Defect_Classification,IN_LINE_PROCESS,Current wafer,YES,SAFE,0.015315890236119975,0.0031872429007366015,803,KEEP,Passes variance and completeness screening
sensor_215,215,FAB_IN_LINE_SENSOR,float64,UNKNOWN / NOT DOCUMENTED,Raw in-line sensor reading,Semiconductor in-line sensor channel 215,UCI_SECOM,Yield_Defect_Classification,IN_LINE_PROCESS,Current wafer,YES,SAFE,0.015315890236119975,0.0009264001095193304,823,KEEP,Passes variance and completeness screening
sensor_216,216,FAB_IN_LINE_SENSOR,float64,UNKNOWN / NOT DOCUMENTED,Raw in-line sensor reading,Semiconductor in-line sensor channel 216,UCI_SECOM,Yield_Defect_Classification,IN_LINE_PROCESS,Current wafer,YES,SAFE,0.015315890236119975,0.0006637996380541218,728,KEEP,Passes variance and completeness screening
sensor_217,217,FAB_IN_LINE_SENSOR,float64,UNKNOWN / NOT DOCUMENTED,Raw in-line sensor reading,Semiconductor in-line sensor channel 217,UCI_SECOM,Yield_Defect_Classification,IN_LINE_PROCESS,Current wafer,YES,SAFE,0.015315890236119975,0.0021421589156585996,836,KEEP,Passes variance and completeness screening
sensor_218,218,FAB_IN_LINE_SENSOR,float64,UNKNOWN / NOT DOCUMENTED,Raw in-line sensor reading,Semiconductor in-line sensor channel 218,UCI_SECOM,Yield_Defect_Classification,IN_LINE_PROCESS,Current wafer,YES,SAFE,0.0006381620931716656,1.3699206375617332,1539,KEEP,Passes variance and completeness screening
sensor_219,219,FAB_IN_LINE_SENSOR,float64,UNKNOWN / NOT DOCUMENTED,Raw in-line sensor reading,Semiconductor in-line sensor channel 219,UCI_SECOM,Yield_Defect_Classification,IN_LINE_PROCESS,Current wafer,YES,SAFE,0.007657945118059987,2.709666910824467e-06,64,KEEP,Passes variance and completeness screening
sensor_220,220,FAB_IN_LINE_SENSOR,float64,UNKNOWN / NOT DOCUMENTED,Raw in-line sensor reading,Semiconductor in-line sensor channel 220,UCI_SECOM,Yield_Defect_Classification,IN_LINE_PROCESS,Current wafer,YES,SAFE,0.8557753669432036,3.956145722713878e-06,69,REMOVE,Excessive missingness (85.6% > 50%)
sensor_221,221,FAB_IN_LINE_SENSOR,float64,UNKNOWN / NOT DOCUMENTED,Raw in-line sensor reading,Semiconductor in-line sensor channel 221,UCI_SECOM,Yield_Defect_Classification,IN_LINE_PROCESS,Current wafer,YES,SAFE,0.0,0.0005431335934801513,408,KEEP,Passes variance and completeness screening
sensor_222,222,FAB_IN_LINE_SENSOR,float64,UNKNOWN / NOT DOCUMENTED,Raw in-line sensor reading,Semiconductor in-line sensor channel 222,UCI_SECOM,Yield_Defect_Classification,IN_LINE_PROCESS,Current wafer,YES,SAFE,0.0,0.0031289219135327046,178,KEEP,Passes variance and completeness screening
sensor_223,223,FAB_IN_LINE_SENSOR,float64,UNKNOWN / NOT DOCUMENTED,Raw in-line sensor reading,Semiconductor in-line sensor channel 223,UCI_SECOM,Yield_Defect_Classification,IN_LINE_PROCESS,Current wafer,YES,SAFE,0.0,3042.184631248854,973,KEEP,Passes variance and completeness screening
sensor_224,224,FAB_IN_LINE_SENSOR,float64,UNKNOWN / NOT DOCUMENTED,Raw in-line sensor reading,Semiconductor in-line sensor channel 224,UCI_SECOM,Yield_Defect_Classification,IN_LINE_PROCESS,Current wafer,YES,SAFE,0.03254626675175495,0.0050710413703597265,720,KEEP,Passes variance and completeness screening
sensor_225,225,FAB_IN_LINE_SENSOR,float64,UNKNOWN / NOT DOCUMENTED,Raw in-line sensor reading,Semiconductor in-line sensor channel 225,UCI_SECOM,Yield_Defect_Classification,IN_LINE_PROCESS,Current wafer,YES,SAFE,0.03254626675175495,187636.3145715577,1472,KEEP,Passes variance and completeness screening
sensor_226,226,FAB_IN_LINE_SENSOR,float64,UNKNOWN / NOT DOCUMENTED,Raw in-line sensor reading,Semiconductor in-line sensor channel 226,UCI_SECOM,Yield_Defect_Classification,IN_LINE_PROCESS,Current wafer,YES,SAFE,0.0038289725590299937,0.0,1,REMOVE,"Near-zero/zero variance (var=0.00e+00, unique=1)"
sensor_227,227,FAB_IN_LINE_SENSOR,float64,UNKNOWN / NOT DOCUMENTED,Raw in-line sensor reading,Semiconductor in-line sensor channel 227,UCI_SECOM,Yield_Defect_Classification,IN_LINE_PROCESS,Current wafer,YES,SAFE,0.0012763241863433313,0.00011568535685511877,329,KEEP,Passes variance and completeness screening
sensor_228,228,FAB_IN_LINE_SENSOR,float64,UNKNOWN / NOT DOCUMENTED,Raw in-line sensor reading,Semiconductor in-line sensor channel 228,UCI_SECOM,Yield_Defect_Classification,IN_LINE_PROCESS,Current wafer,YES,SAFE,0.0012763241863433313,0.00011545240637997106,292,KEEP,Passes variance and completeness screening
sensor_229,229,FAB_IN_LINE_SENSOR,float64,UNKNOWN / NOT DOCUMENTED,Raw in-line sensor reading,Semiconductor in-line sensor channel 229,UCI_SECOM,Yield_Defect_Classification,IN_LINE_PROCESS,Current wafer,YES,SAFE,0.0038289725590299937,0.0,1,REMOVE,"Near-zero/zero variance (var=0.00e+00, unique=1)"
sensor_230,230,FAB_IN_LINE_SENSOR,float64,UNKNOWN / NOT DOCUMENTED,Raw in-line sensor reading,Semiconductor in-line sensor channel 230,UCI_SECOM,Yield_Defect_Classification,IN_LINE_PROCESS,Current wafer,YES,SAFE,0.0038289725590299937,0.0,1,REMOVE,"Near-zero/zero variance (var=0.00e+00, unique=1)"
sensor_231,231,FAB_IN_LINE_SENSOR,float64,UNKNOWN / NOT DOCUMENTED,Raw in-line sensor reading,Semiconductor in-line sensor channel 231,UCI_SECOM,Yield_Defect_Classification,IN_LINE_PROCESS,Current wafer,YES,SAFE,0.0038289725590299937,0.0,1,REMOVE,"Near-zero/zero variance (var=0.00e+00, unique=1)"
sensor_232,232,FAB_IN_LINE_SENSOR,float64,UNKNOWN / NOT DOCUMENTED,Raw in-line sensor reading,Semiconductor in-line sensor channel 232,UCI_SECOM,Yield_Defect_Classification,IN_LINE_PROCESS,Current wafer,YES,SAFE,0.0038289725590299937,0.0,1,REMOVE,"Near-zero/zero variance (var=0.00e+00, unique=1)"
sensor_233,233,FAB_IN_LINE_SENSOR,float64,UNKNOWN / NOT DOCUMENTED,Raw in-line sensor reading,Semiconductor in-line sensor channel 233,UCI_SECOM,Yield_Defect_Classification,IN_LINE_PROCESS,Current wafer,YES,SAFE,0.0038289725590299937,0.0,1,REMOVE,"Near-zero/zero variance (var=0.00e+00, unique=1)"
sensor_234,234,FAB_IN_LINE_SENSOR,float64,UNKNOWN / NOT DOCUMENTED,Raw in-line sensor reading,Semiconductor in-line sensor channel 234,UCI_SECOM,Yield_Defect_Classification,IN_LINE_PROCESS,Current wafer,YES,SAFE,0.0038289725590299937,0.0,1,REMOVE,"Near-zero/zero variance (var=0.00e+00, unique=1)"
sensor_235,235,FAB_IN_LINE_SENSOR,float64,UNKNOWN / NOT DOCUMENTED,Raw in-line sensor reading,Semiconductor in-line sensor channel 235,UCI_SECOM,Yield_Defect_Classification,IN_LINE_PROCESS,Current wafer,YES,SAFE,0.0038289725590299937,0.0,1,REMOVE,"Near-zero/zero variance (var=0.00e+00, unique=1)"
sensor_236,236,FAB_IN_LINE_SENSOR,float64,UNKNOWN / NOT DOCUMENTED,Raw in-line sensor reading,Semiconductor in-line sensor channel 236,UCI_SECOM,Yield_Defect_Classification,IN_LINE_PROCESS,Current wafer,YES,SAFE,0.0038289725590299937,0.0,1,REMOVE,"Near-zero/zero variance (var=0.00e+00, unique=1)"
sensor_237,237,FAB_IN_LINE_SENSOR,float64,UNKNOWN / NOT DOCUMENTED,Raw in-line sensor reading,Semiconductor in-line sensor channel 237,UCI_SECOM,Yield_Defect_Classification,IN_LINE_PROCESS,Current wafer,YES,SAFE,0.0038289725590299937,0.0,1,REMOVE,"Near-zero/zero variance (var=0.00e+00, unique=1)"
sensor_238,238,FAB_IN_LINE_SENSOR,float64,UNKNOWN / NOT DOCUMENTED,Raw in-line sensor reading,Semiconductor in-line sensor channel 238,UCI_SECOM,Yield_Defect_Classification,IN_LINE_PROCESS,Current wafer,YES,SAFE,0.0012763241863433313,2.8830265641469784e-06,93,KEEP,Passes variance and completeness screening
sensor_239,239,FAB_IN_LINE_SENSOR,float64,UNKNOWN / NOT DOCUMENTED,Raw in-line sensor reading,Semiconductor in-line sensor channel 239,UCI_SECOM,Yield_Defect_Classification,IN_LINE_PROCESS,Current wafer,YES,SAFE,0.0012763241863433313,2.077649044393419e-06,80,KEEP,Passes variance and completeness screening
sensor_240,240,FAB_IN_LINE_SENSOR,float64,UNKNOWN / NOT DOCUMENTED,Raw in-line sensor reading,Semiconductor in-line sensor channel 240,UCI_SECOM,Yield_Defect_Classification,IN_LINE_PROCESS,Current wafer,YES,SAFE,0.0038289725590299937,0.0,1,REMOVE,"Near-zero/zero variance (var=0.00e+00, unique=1)"
sensor_241,241,FAB_IN_LINE_SENSOR,float64,UNKNOWN / NOT DOCUMENTED,Raw in-line sensor reading,Semiconductor in-line sensor channel 241,UCI_SECOM,Yield_Defect_Classification,IN_LINE_PROCESS,Current wafer,YES,SAFE,0.0038289725590299937,0.0,1,REMOVE,"Near-zero/zero variance (var=0.00e+00, unique=1)"
sensor_242,242,FAB_IN_LINE_SENSOR,float64,UNKNOWN / NOT DOCUMENTED,Raw in-line sensor reading,Semiconductor in-line sensor channel 242,UCI_SECOM,Yield_Defect_Classification,IN_LINE_PROCESS,Current wafer,YES,SAFE,0.0038289725590299937,0.0,1,REMOVE,"Near-zero/zero variance (var=0.00e+00, unique=1)"
sensor_243,243,FAB_IN_LINE_SENSOR,float64,UNKNOWN / NOT DOCUMENTED,Raw in-line sensor reading,Semiconductor in-line sensor channel 243,UCI_SECOM,Yield_Defect_Classification,IN_LINE_PROCESS,Current wafer,YES,SAFE,0.0038289725590299937,0.0,1,REMOVE,"Near-zero/zero variance (var=0.00e+00, unique=1)"
sensor_244,244,FAB_IN_LINE_SENSOR,float64,UNKNOWN / NOT DOCUMENTED,Raw in-line sensor reading,Semiconductor in-line sensor channel 244,UCI_SECOM,Yield_Defect_Classification,IN_LINE_PROCESS,Current wafer,YES,SAFE,0.6496490108487556,0.0071601418224907926,66,REMOVE,Excessive missingness (65.0% > 50%)
sensor_245,245,FAB_IN_LINE_SENSOR,float64,UNKNOWN / NOT DOCUMENTED,Raw in-line sensor reading,Semiconductor in-line sensor channel 245,UCI_SECOM,Yield_Defect_Classification,IN_LINE_PROCESS,Current wafer,YES,SAFE,0.6496490108487556,18.797550918141543,539,REMOVE,Excessive missingness (65.0% > 50%)
sensor_246,246,FAB_IN_LINE_SENSOR,float64,UNKNOWN / NOT DOCUMENTED,Raw in-line sensor reading,Semiconductor in-line sensor channel 246,UCI_SECOM,Yield_Defect_Classification,IN_LINE_PROCESS,Current wafer,YES,SAFE,0.6496490108487556,100.90370885550442,547,REMOVE,Excessive missingness (65.0% > 50%)
sensor_247,247,FAB_IN_LINE_SENSOR,float64,UNKNOWN / NOT DOCUMENTED,Raw in-line sensor reading,Semiconductor in-line sensor channel 247,UCI_SECOM,Yield_Defect_Classification,IN_LINE_PROCESS,Current wafer,YES,SAFE,0.4562858966177409,0.0044729609821502455,490,KEEP,Passes variance and completeness screening
sensor_248,248,FAB_IN_LINE_SENSOR,float64,UNKNOWN / NOT DOCUMENTED,Raw in-line sensor reading,Semiconductor in-line sensor channel 248,UCI_SECOM,Yield_Defect_Classification,IN_LINE_PROCESS,Current wafer,YES,SAFE,0.0,0.0024240922937240877,426,KEEP,Passes variance and completeness screening
sensor_249,249,FAB_IN_LINE_SENSOR,float64,UNKNOWN / NOT DOCUMENTED,Raw in-line sensor reading,Semiconductor in-line sensor channel 249,UCI_SECOM,Yield_Defect_Classification,IN_LINE_PROCESS,Current wafer,YES,SAFE,0.0,0.0002487177487222495,23,KEEP,Passes variance and completeness screening
sensor_250,250,FAB_IN_LINE_SENSOR,float64,UNKNOWN / NOT DOCUMENTED,Raw in-line sensor reading,Semiconductor in-line sensor channel 250,UCI_SECOM,Yield_Defect_Classification,IN_LINE_PROCESS,Current wafer,YES,SAFE,0.0,2980.862326808877,1566,KEEP,Passes variance and completeness screening
sensor_251,251,FAB_IN_LINE_SENSOR,float64,UNKNOWN / NOT DOCUMENTED,Raw in-line sensor reading,Semiconductor in-line sensor channel 251,UCI_SECOM,Yield_Defect_Classification,IN_LINE_PROCESS,Current wafer,YES,SAFE,0.0,0.0014041876618898236,143,KEEP,Passes variance and completeness screening
sensor_252,252,FAB_IN_LINE_SENSOR,float64,UNKNOWN / NOT DOCUMENTED,Raw in-line sensor reading,Semiconductor in-line sensor channel 252,UCI_SECOM,Yield_Defect_Classification,IN_LINE_PROCESS,Current wafer,YES,SAFE,0.0,4141.534582737881,1533,KEEP,Passes variance and completeness screening
sensor_253,253,FAB_IN_LINE_SENSOR,float64,UNKNOWN / NOT DOCUMENTED,Raw in-line sensor reading,Semiconductor in-line sensor channel 253,UCI_SECOM,Yield_Defect_Classification,IN_LINE_PROCESS,Current wafer,YES,SAFE,0.015315890236119975,0.0005028853663715386,442,KEEP,Passes variance and completeness screening
sensor_254,254,FAB_IN_LINE_SENSOR,float64,UNKNOWN / NOT DOCUMENTED,Raw in-line sensor reading,Semiconductor in-line sensor channel 254,UCI_SECOM,Yield_Defect_Classification,IN_LINE_PROCESS,Current wafer,YES,SAFE,0.0,8.339595473694762e-05,291,KEEP,Passes variance and completeness screening
sensor_255,255,FAB_IN_LINE_SENSOR,float64,UNKNOWN / NOT DOCUMENTED,Raw in-line sensor reading,Semiconductor in-line sensor channel 255,UCI_SECOM,Yield_Defect_Classification,IN_LINE_PROCESS,Current wafer,YES,SAFE,0.0,0.014480312089365514,1317,KEEP,Passes variance and completeness screening
sensor_256,256,FAB_IN_LINE_SENSOR,float64,UNKNOWN / NOT DOCUMENTED,Raw in-line sensor reading,Semiconductor in-line sensor channel 256,UCI_SECOM,Yield_Defect_Classification,IN_LINE_PROCESS,Current wafer,YES,SAFE,0.00574345883854499,0.0,1,REMOVE,"Near-zero/zero variance (var=0.00e+00, unique=1)"
sensor_257,257,FAB_IN_LINE_SENSOR,float64,UNKNOWN / NOT DOCUMENTED,Raw in-line sensor reading,Semiconductor in-line sensor channel 257,UCI_SECOM,Yield_Defect_Classification,IN_LINE_PROCESS,Current wafer,YES,SAFE,0.00574345883854499,0.0,1,REMOVE,"Near-zero/zero variance (var=0.00e+00, unique=1)"
sensor_258,258,FAB_IN_LINE_SENSOR,float64,UNKNOWN / NOT DOCUMENTED,Raw in-line sensor reading,Semiconductor in-line sensor channel 258,UCI_SECOM,Yield_Defect_Classification,IN_LINE_PROCESS,Current wafer,YES,SAFE,0.00574345883854499,0.0,1,REMOVE,"Near-zero/zero variance (var=0.00e+00, unique=1)"
sensor_259,259,FAB_IN_LINE_SENSOR,float64,UNKNOWN / NOT DOCUMENTED,Raw in-line sensor reading,Semiconductor in-line sensor channel 259,UCI_SECOM,Yield_Defect_Classification,IN_LINE_PROCESS,Current wafer,YES,SAFE,0.00574345883854499,0.0,1,REMOVE,"Near-zero/zero variance (var=0.00e+00, unique=1)"
sensor_260,260,FAB_IN_LINE_SENSOR,float64,UNKNOWN / NOT DOCUMENTED,Raw in-line sensor reading,Semiconductor in-line sensor channel 260,UCI_SECOM,Yield_Defect_Classification,IN_LINE_PROCESS,Current wafer,YES,SAFE,0.00574345883854499,0.0,1,REMOVE,"Near-zero/zero variance (var=0.00e+00, unique=1)"
sensor_261,261,FAB_IN_LINE_SENSOR,float64,UNKNOWN / NOT DOCUMENTED,Raw in-line sensor reading,Semiconductor in-line sensor channel 261,UCI_SECOM,Yield_Defect_Classification,IN_LINE_PROCESS,Current wafer,YES,SAFE,0.00574345883854499,0.0,1,REMOVE,"Near-zero/zero variance (var=0.00e+00, unique=1)"
sensor_262,262,FAB_IN_LINE_SENSOR,float64,UNKNOWN / NOT DOCUMENTED,Raw in-line sensor reading,Semiconductor in-line sensor channel 262,UCI_SECOM,Yield_Defect_Classification,IN_LINE_PROCESS,Current wafer,YES,SAFE,0.00574345883854499,0.0,1,REMOVE,"Near-zero/zero variance (var=0.00e+00, unique=1)"
sensor_263,263,FAB_IN_LINE_SENSOR,float64,UNKNOWN / NOT DOCUMENTED,Raw in-line sensor reading,Semiconductor in-line sensor channel 263,UCI_SECOM,Yield_Defect_Classification,IN_LINE_PROCESS,Current wafer,YES,SAFE,0.00574345883854499,0.0,1,REMOVE,"Near-zero/zero variance (var=0.00e+00, unique=1)"
sensor_264,264,FAB_IN_LINE_SENSOR,float64,UNKNOWN / NOT DOCUMENTED,Raw in-line sensor reading,Semiconductor in-line sensor channel 264,UCI_SECOM,Yield_Defect_Classification,IN_LINE_PROCESS,Current wafer,YES,SAFE,0.00574345883854499,0.0,1,REMOVE,"Near-zero/zero variance (var=0.00e+00, unique=1)"
sensor_265,265,FAB_IN_LINE_SENSOR,float64,UNKNOWN / NOT DOCUMENTED,Raw in-line sensor reading,Semiconductor in-line sensor channel 265,UCI_SECOM,Yield_Defect_Classification,IN_LINE_PROCESS,Current wafer,YES,SAFE,0.00574345883854499,0.0,1,REMOVE,"Near-zero/zero variance (var=0.00e+00, unique=1)"
sensor_266,266,FAB_IN_LINE_SENSOR,float64,UNKNOWN / NOT DOCUMENTED,Raw in-line sensor reading,Semiconductor in-line sensor channel 266,UCI_SECOM,Yield_Defect_Classification,IN_LINE_PROCESS,Current wafer,YES,SAFE,0.00574345883854499,0.0,1,REMOVE,"Near-zero/zero variance (var=0.00e+00, unique=1)"
sensor_267,267,FAB_IN_LINE_SENSOR,float64,UNKNOWN / NOT DOCUMENTED,Raw in-line sensor reading,Semiconductor in-line sensor channel 267,UCI_SECOM,Yield_Defect_Classification,IN_LINE_PROCESS,Current wafer,YES,SAFE,0.005105296745373325,0.0008790437182667866,291,KEEP,Passes variance and completeness screening
sensor_268,268,FAB_IN_LINE_SENSOR,float64,UNKNOWN / NOT DOCUMENTED,Raw in-line sensor reading,Semiconductor in-line sensor channel 268,UCI_SECOM,Yield_Defect_Classification,IN_LINE_PROCESS,Current wafer,YES,SAFE,0.005105296745373325,53.940275985279065,333,KEEP,Passes variance and completeness screening
sensor_269,269,FAB_IN_LINE_SENSOR,float64,UNKNOWN / NOT DOCUMENTED,Raw in-line sensor reading,Semiconductor in-line sensor channel 269,UCI_SECOM,Yield_Defect_Classification,IN_LINE_PROCESS,Current wafer,YES,SAFE,0.005105296745373325,1.3278623084429058,330,KEEP,Passes variance and completeness screening
sensor_270,270,FAB_IN_LINE_SENSOR,float64,UNKNOWN / NOT DOCUMENTED,Raw in-line sensor reading,Semiconductor in-line sensor channel 270,UCI_SECOM,Yield_Defect_Classification,IN_LINE_PROCESS,Current wafer,YES,SAFE,0.003190810465858328,70.5938162909928,599,KEEP,Passes variance and completeness screening
sensor_271,271,FAB_IN_LINE_SENSOR,float64,UNKNOWN / NOT DOCUMENTED,Raw in-line sensor reading,Semiconductor in-line sensor channel 271,UCI_SECOM,Yield_Defect_Classification,IN_LINE_PROCESS,Current wafer,YES,SAFE,0.0038289725590299937,319.2095926072209,1559,KEEP,Passes variance and completeness screening
sensor_272,272,FAB_IN_LINE_SENSOR,float64,UNKNOWN / NOT DOCUMENTED,Raw in-line sensor reading,Semiconductor in-line sensor channel 272,UCI_SECOM,Yield_Defect_Classification,IN_LINE_PROCESS,Current wafer,YES,SAFE,0.004467134652201659,314.61937769026923,1557,KEEP,Passes variance and completeness screening
sensor_273,273,FAB_IN_LINE_SENSOR,float64,UNKNOWN / NOT DOCUMENTED,Raw in-line sensor reading,Semiconductor in-line sensor channel 273,UCI_SECOM,Yield_Defect_Classification,IN_LINE_PROCESS,Current wafer,YES,SAFE,0.008934269304403318,14.672443034394142,518,KEEP,Passes variance and completeness screening
sensor_274,274,FAB_IN_LINE_SENSOR,float64,UNKNOWN / NOT DOCUMENTED,Raw in-line sensor reading,Semiconductor in-line sensor channel 274,UCI_SECOM,Yield_Defect_Classification,IN_LINE_PROCESS,Current wafer,YES,SAFE,0.008934269304403318,7328.692765671911,518,KEEP,Passes variance and completeness screening
sensor_275,275,FAB_IN_LINE_SENSOR,float64,UNKNOWN / NOT DOCUMENTED,Raw in-line sensor reading,Semiconductor in-line sensor channel 275,UCI_SECOM,Yield_Defect_Classification,IN_LINE_PROCESS,Current wafer,YES,SAFE,0.008934269304403318,28543.904042891212,458,KEEP,Passes variance and completeness screening
sensor_276,276,FAB_IN_LINE_SENSOR,float64,UNKNOWN / NOT DOCUMENTED,Raw in-line sensor reading,Semiconductor in-line sensor channel 276,UCI_SECOM,Yield_Defect_Classification,IN_LINE_PROCESS,Current wafer,YES,SAFE,0.008934269304403318,0.0,1,REMOVE,"Near-zero/zero variance (var=0.00e+00, unique=1)"
sensor_277,277,FAB_IN_LINE_SENSOR,float64,UNKNOWN / NOT DOCUMENTED,Raw in-line sensor reading,Semiconductor in-line sensor channel 277,UCI_SECOM,Yield_Defect_Classification,IN_LINE_PROCESS,Current wafer,YES,SAFE,0.008934269304403318,1.4314621638372607,512,KEEP,Passes variance and completeness screening
sensor_278,278,FAB_IN_LINE_SENSOR,float64,UNKNOWN / NOT DOCUMENTED,Raw in-line sensor reading,Semiconductor in-line sensor channel 278,UCI_SECOM,Yield_Defect_Classification,IN_LINE_PROCESS,Current wafer,YES,SAFE,0.00574345883854499,1.1562307950429671e-07,22,REMOVE,"Near-zero/zero variance (var=1.16e-07, unique=22)"
sensor_279,279,FAB_IN_LINE_SENSOR,float64,UNKNOWN / NOT DOCUMENTED,Raw in-line sensor reading,Semiconductor in-line sensor channel 279,UCI_SECOM,Yield_Defect_Classification,IN_LINE_PROCESS,Current wafer,YES,SAFE,0.0012763241863433313,0.00041165020374561825,541,KEEP,Passes variance and completeness screening
sensor_280,280,FAB_IN_LINE_SENSOR,float64,UNKNOWN / NOT DOCUMENTED,Raw in-line sensor reading,Semiconductor in-line sensor channel 280,UCI_SECOM,Yield_Defect_Classification,IN_LINE_PROCESS,Current wafer,YES,SAFE,0.0012763241863433313,4.202943019046763e-05,246,KEEP,Passes variance and completeness screening
sensor_281,281,FAB_IN_LINE_SENSOR,float64,UNKNOWN / NOT DOCUMENTED,Raw in-line sensor reading,Semiconductor in-line sensor channel 281,UCI_SECOM,Yield_Defect_Classification,IN_LINE_PROCESS,Current wafer,YES,SAFE,0.0012763241863433313,3.075236236241962e-05,227,KEEP,Passes variance and completeness screening
sensor_282,282,FAB_IN_LINE_SENSOR,float64,UNKNOWN / NOT DOCUMENTED,Raw in-line sensor reading,Semiconductor in-line sensor channel 282,UCI_SECOM,Yield_Defect_Classification,IN_LINE_PROCESS,Current wafer,YES,SAFE,0.0012763241863433313,7.310877011513035e-05,114,KEEP,Passes variance and completeness screening
sensor_283,283,FAB_IN_LINE_SENSOR,float64,UNKNOWN / NOT DOCUMENTED,Raw in-line sensor reading,Semiconductor in-line sensor channel 283,UCI_SECOM,Yield_Defect_Classification,IN_LINE_PROCESS,Current wafer,YES,SAFE,0.0012763241863433313,34.39029371966324,1515,KEEP,Passes variance and completeness screening
sensor_284,284,FAB_IN_LINE_SENSOR,float64,UNKNOWN / NOT DOCUMENTED,Raw in-line sensor reading,Semiconductor in-line sensor channel 284,UCI_SECOM,Yield_Defect_Classification,IN_LINE_PROCESS,Current wafer,YES,SAFE,0.0019144862795149968,0.0,1,REMOVE,"Near-zero/zero variance (var=0.00e+00, unique=1)"
sensor_285,285,FAB_IN_LINE_SENSOR,float64,UNKNOWN / NOT DOCUMENTED,Raw in-line sensor reading,Semiconductor in-line sensor channel 285,UCI_SECOM,Yield_Defect_Classification,IN_LINE_PROCESS,Current wafer,YES,SAFE,0.0019144862795149968,0.9272202024925957,1527,KEEP,Passes variance and completeness screening
sensor_286,286,FAB_IN_LINE_SENSOR,float64,UNKNOWN / NOT DOCUMENTED,Raw in-line sensor reading,Semiconductor in-line sensor channel 286,UCI_SECOM,Yield_Defect_Classification,IN_LINE_PROCESS,Current wafer,YES,SAFE,0.0019144862795149968,95.33236267006544,1540,KEEP,Passes variance and completeness screening
sensor_287,287,FAB_IN_LINE_SENSOR,float64,UNKNOWN / NOT DOCUMENTED,Raw in-line sensor reading,Semiconductor in-line sensor channel 287,UCI_SECOM,Yield_Defect_Classification,IN_LINE_PROCESS,Current wafer,YES,SAFE,0.0019144862795149968,54.5580592644778,1076,KEEP,Passes variance and completeness screening
sensor_288,288,FAB_IN_LINE_SENSOR,float64,UNKNOWN / NOT DOCUMENTED,Raw in-line sensor reading,Semiconductor in-line sensor channel 288,UCI_SECOM,Yield_Defect_Classification,IN_LINE_PROCESS,Current wafer,YES,SAFE,0.0019144862795149968,8.620655585609022e-06,87,KEEP,Passes variance and completeness screening
sensor_289,289,FAB_IN_LINE_SENSOR,float64,UNKNOWN / NOT DOCUMENTED,Raw in-line sensor reading,Semiconductor in-line sensor channel 289,UCI_SECOM,Yield_Defect_Classification,IN_LINE_PROCESS,Current wafer,YES,SAFE,0.0019144862795149968,2.6146672488961116,1522,KEEP,Passes variance and completeness screening
sensor_290,290,FAB_IN_LINE_SENSOR,float64,UNKNOWN / NOT DOCUMENTED,Raw in-line sensor reading,Semiconductor in-line sensor channel 290,UCI_SECOM,Yield_Defect_Classification,IN_LINE_PROCESS,Current wafer,YES,SAFE,0.006381620931716656,0.07343396952895373,324,KEEP,Passes variance and completeness screening
sensor_291,291,FAB_IN_LINE_SENSOR,float64,UNKNOWN / NOT DOCUMENTED,Raw in-line sensor reading,Semiconductor in-line sensor channel 291,UCI_SECOM,Yield_Defect_Classification,IN_LINE_PROCESS,Current wafer,YES,SAFE,0.0,0.0006527422682057538,354,KEEP,Passes variance and completeness screening
sensor_292,292,FAB_IN_LINE_SENSOR,float64,UNKNOWN / NOT DOCUMENTED,Raw in-line sensor reading,Semiconductor in-line sensor channel 292,UCI_SECOM,Yield_Defect_Classification,IN_LINE_PROCESS,Current wafer,YES,SAFE,0.9119336311423102,0.0001321040622024754,92,REMOVE,Excessive missingness (91.2% > 50%)
sensor_293,293,FAB_IN_LINE_SENSOR,float64,UNKNOWN / NOT DOCUMENTED,Raw in-line sensor reading,Semiconductor in-line sensor channel 293,UCI_SECOM,Yield_Defect_Classification,IN_LINE_PROCESS,Current wafer,YES,SAFE,0.9119336311423102,18959.21988262364,138,REMOVE,Excessive missingness (91.2% > 50%)
sensor_294,294,FAB_IN_LINE_SENSOR,float64,UNKNOWN / NOT DOCUMENTED,Raw in-line sensor reading,Semiconductor in-line sensor channel 294,UCI_SECOM,Yield_Defect_Classification,IN_LINE_PROCESS,Current wafer,YES,SAFE,0.0012763241863433313,227576.7751849205,1562,KEEP,Passes variance and completeness screening
sensor_295,295,FAB_IN_LINE_SENSOR,float64,UNKNOWN / NOT DOCUMENTED,Raw in-line sensor reading,Semiconductor in-line sensor channel 295,UCI_SECOM,Yield_Defect_Classification,IN_LINE_PROCESS,Current wafer,YES,SAFE,0.0012763241863433313,80389.65886567647,1561,KEEP,Passes variance and completeness screening
sensor_296,296,FAB_IN_LINE_SENSOR,float64,UNKNOWN / NOT DOCUMENTED,Raw in-line sensor reading,Semiconductor in-line sensor channel 296,UCI_SECOM,Yield_Defect_Classification,IN_LINE_PROCESS,Current wafer,YES,SAFE,0.0012763241863433313,3901064.9050965295,1565,KEEP,Passes variance and completeness screening
sensor_297,297,FAB_IN_LINE_SENSOR,float64,UNKNOWN / NOT DOCUMENTED,Raw in-line sensor reading,Semiconductor in-line sensor channel 297,UCI_SECOM,Yield_Defect_Classification,IN_LINE_PROCESS,Current wafer,YES,SAFE,0.0012763241863433313,10413040.424779663,1559,KEEP,Passes variance and completeness screening
sensor_298,298,FAB_IN_LINE_SENSOR,float64,UNKNOWN / NOT DOCUMENTED,Raw in-line sensor reading,Semiconductor in-line sensor channel 298,UCI_SECOM,Yield_Defect_Classification,IN_LINE_PROCESS,Current wafer,YES,SAFE,0.0012763241863433313,0.004124833624482158,725,KEEP,Passes variance and completeness screening
sensor_299,299,FAB_IN_LINE_SENSOR,float64,UNKNOWN / NOT DOCUMENTED,Raw in-line sensor reading,Semiconductor in-line sensor channel 299,UCI_SECOM,Yield_Defect_Classification,IN_LINE_PROCESS,Current wafer,YES,SAFE,0.0012763241863433313,0.017115280696191462,626,KEEP,Passes variance and completeness screening
sensor_300,300,FAB_IN_LINE_SENSOR,float64,UNKNOWN / NOT DOCUMENTED,Raw in-line sensor reading,Semiconductor in-line sensor channel 300,UCI_SECOM,Yield_Defect_Classification,IN_LINE_PROCESS,Current wafer,YES,SAFE,0.0012763241863433313,0.04802548035925741,967,KEEP,Passes variance and completeness screening
sensor_301,301,FAB_IN_LINE_SENSOR,float64,UNKNOWN / NOT DOCUMENTED,Raw in-line sensor reading,Semiconductor in-line sensor channel 301,UCI_SECOM,Yield_Defect_Classification,IN_LINE_PROCESS,Current wafer,YES,SAFE,0.0012763241863433313,0.11021184043908877,1134,KEEP,Passes variance and completeness screening
sensor_302,302,FAB_IN_LINE_SENSOR,float64,UNKNOWN / NOT DOCUMENTED,Raw in-line sensor reading,Semiconductor in-line sensor channel 302,UCI_SECOM,Yield_Defect_Classification,IN_LINE_PROCESS,Current wafer,YES,SAFE,0.0012763241863433313,0.03901177806887395,569,KEEP,Passes variance and completeness screening
sensor_303,303,FAB_IN_LINE_SENSOR,float64,UNKNOWN / NOT DOCUMENTED,Raw in-line sensor reading,Semiconductor in-line sensor channel 303,UCI_SECOM,Yield_Defect_Classification,IN_LINE_PROCESS,Current wafer,YES,SAFE,0.0012763241863433313,0.00021055787276010556,509,KEEP,Passes variance and completeness screening
sensor_304,304,FAB_IN_LINE_SENSOR,float64,UNKNOWN / NOT DOCUMENTED,Raw in-line sensor reading,Semiconductor in-line sensor channel 304,UCI_SECOM,Yield_Defect_Classification,IN_LINE_PROCESS,Current wafer,YES,SAFE,0.0012763241863433313,0.0042077804057998255,1105,KEEP,Passes variance and completeness screening
sensor_305,305,FAB_IN_LINE_SENSOR,float64,UNKNOWN / NOT DOCUMENTED,Raw in-line sensor reading,Semiconductor in-line sensor channel 305,UCI_SECOM,Yield_Defect_Classification,IN_LINE_PROCESS,Current wafer,YES,SAFE,0.0006381620931716656,0.0032933238647334124,314,KEEP,Passes variance and completeness screening
sensor_306,306,FAB_IN_LINE_SENSOR,float64,UNKNOWN / NOT DOCUMENTED,Raw in-line sensor reading,Semiconductor in-line sensor channel 306,UCI_SECOM,Yield_Defect_Classification,IN_LINE_PROCESS,Current wafer,YES,SAFE,0.0006381620931716656,0.0006451578550753023,262,KEEP,Passes variance and completeness screening
sensor_307,307,FAB_IN_LINE_SENSOR,float64,UNKNOWN / NOT DOCUMENTED,Raw in-line sensor reading,Semiconductor in-line sensor channel 307,UCI_SECOM,Yield_Defect_Classification,IN_LINE_PROCESS,Current wafer,YES,SAFE,0.0006381620931716656,0.0007544715993618384,286,KEEP,Passes variance and completeness screening
sensor_308,308,FAB_IN_LINE_SENSOR,float64,UNKNOWN / NOT DOCUMENTED,Raw in-line sensor reading,Semiconductor in-line sensor channel 308,UCI_SECOM,Yield_Defect_Classification,IN_LINE_PROCESS,Current wafer,YES,SAFE,0.0006381620931716656,0.001128504135748065,293,KEEP,Passes variance and completeness screening
sensor_309,309,FAB_IN_LINE_SENSOR,float64,UNKNOWN / NOT DOCUMENTED,Raw in-line sensor reading,Semiconductor in-line sensor channel 309,UCI_SECOM,Yield_Defect_Classification,IN_LINE_PROCESS,Current wafer,YES,SAFE,0.0006381620931716656,0.0007546066849179245,290,KEEP,Passes variance and completeness screening
sensor_310,310,FAB_IN_LINE_SENSOR,float64,UNKNOWN / NOT DOCUMENTED,Raw in-line sensor reading,Semiconductor in-line sensor channel 310,UCI_SECOM,Yield_Defect_Classification,IN_LINE_PROCESS,Current wafer,YES,SAFE,0.0006381620931716656,0.0018887582044687628,310,KEEP,Passes variance and completeness screening
sensor_311,311,FAB_IN_LINE_SENSOR,float64,UNKNOWN / NOT DOCUMENTED,Raw in-line sensor reading,Semiconductor in-line sensor channel 311,UCI_SECOM,Yield_Defect_Classification,IN_LINE_PROCESS,Current wafer,YES,SAFE,0.0006381620931716656,0.0008292196066574453,276,KEEP,Passes variance and completeness screening
sensor_312,312,FAB_IN_LINE_SENSOR,float64,UNKNOWN / NOT DOCUMENTED,Raw in-line sensor reading,Semiconductor in-line sensor channel 312,UCI_SECOM,Yield_Defect_Classification,IN_LINE_PROCESS,Current wafer,YES,SAFE,0.0006381620931716656,0.013762984826786465,307,KEEP,Passes variance and completeness screening
sensor_313,313,FAB_IN_LINE_SENSOR,float64,UNKNOWN / NOT DOCUMENTED,Raw in-line sensor reading,Semiconductor in-line sensor channel 313,UCI_SECOM,Yield_Defect_Classification,IN_LINE_PROCESS,Current wafer,YES,SAFE,0.015315890236119975,0.0,1,REMOVE,"Near-zero/zero variance (var=0.00e+00, unique=1)"
sensor_314,314,FAB_IN_LINE_SENSOR,float64,UNKNOWN / NOT DOCUMENTED,Raw in-line sensor reading,Semiconductor in-line sensor channel 314,UCI_SECOM,Yield_Defect_Classification,IN_LINE_PROCESS,Current wafer,YES,SAFE,0.015315890236119975,0.0,1,REMOVE,"Near-zero/zero variance (var=0.00e+00, unique=1)"
sensor_315,315,FAB_IN_LINE_SENSOR,float64,UNKNOWN / NOT DOCUMENTED,Raw in-line sensor reading,Semiconductor in-line sensor channel 315,UCI_SECOM,Yield_Defect_Classification,IN_LINE_PROCESS,Current wafer,YES,SAFE,0.0006381620931716656,0.0,1,REMOVE,"Near-zero/zero variance (var=0.00e+00, unique=1)"
sensor_316,316,FAB_IN_LINE_SENSOR,float64,UNKNOWN / NOT DOCUMENTED,Raw in-line sensor reading,Semiconductor in-line sensor channel 316,UCI_SECOM,Yield_Defect_Classification,IN_LINE_PROCESS,Current wafer,YES,SAFE,0.0006381620931716656,1.0376054107044177,1533,KEEP,Passes variance and completeness screening
sensor_317,317,FAB_IN_LINE_SENSOR,float64,UNKNOWN / NOT DOCUMENTED,Raw in-line sensor reading,Semiconductor in-line sensor channel 317,UCI_SECOM,Yield_Defect_Classification,IN_LINE_PROCESS,Current wafer,YES,SAFE,0.0006381620931716656,0.005240653758583967,1160,KEEP,Passes variance and completeness screening
sensor_318,318,FAB_IN_LINE_SENSOR,float64,UNKNOWN / NOT DOCUMENTED,Raw in-line sensor reading,Semiconductor in-line sensor channel 318,UCI_SECOM,Yield_Defect_Classification,IN_LINE_PROCESS,Current wafer,YES,SAFE,0.0006381620931716656,1.4784856824773236,1535,KEEP,Passes variance and completeness screening
sensor_319,319,FAB_IN_LINE_SENSOR,float64,UNKNOWN / NOT DOCUMENTED,Raw in-line sensor reading,Semiconductor in-line sensor channel 319,UCI_SECOM,Yield_Defect_Classification,IN_LINE_PROCESS,Current wafer,YES,SAFE,0.0006381620931716656,4.748297235151135,1550,KEEP,Passes variance and completeness screening
sensor_320,320,FAB_IN_LINE_SENSOR,float64,UNKNOWN / NOT DOCUMENTED,Raw in-line sensor reading,Semiconductor in-line sensor channel 320,UCI_SECOM,Yield_Defect_Classification,IN_LINE_PROCESS,Current wafer,YES,SAFE,0.0006381620931716656,0.0010166399821975773,550,KEEP,Passes variance and completeness screening
sensor_321,321,FAB_IN_LINE_SENSOR,float64,UNKNOWN / NOT DOCUMENTED,Raw in-line sensor reading,Semiconductor in-line sensor channel 321,UCI_SECOM,Yield_Defect_Classification,IN_LINE_PROCESS,Current wafer,YES,SAFE,0.0006381620931716656,4.481665675012632,1511,KEEP,Passes variance and completeness screening
sensor_322,322,FAB_IN_LINE_SENSOR,float64,UNKNOWN / NOT DOCUMENTED,Raw in-line sensor reading,Semiconductor in-line sensor channel 322,UCI_SECOM,Yield_Defect_Classification,IN_LINE_PROCESS,Current wafer,YES,SAFE,0.0006381620931716656,0.0,1,REMOVE,"Near-zero/zero variance (var=0.00e+00, unique=1)"
sensor_323,323,FAB_IN_LINE_SENSOR,float64,UNKNOWN / NOT DOCUMENTED,Raw in-line sensor reading,Semiconductor in-line sensor channel 323,UCI_SECOM,Yield_Defect_Classification,IN_LINE_PROCESS,Current wafer,YES,SAFE,0.0006381620931716656,6.344652353984879,1536,KEEP,Passes variance and completeness screening
sensor_324,324,FAB_IN_LINE_SENSOR,float64,UNKNOWN / NOT DOCUMENTED,Raw in-line sensor reading,Semiconductor in-line sensor channel 324,UCI_SECOM,Yield_Defect_Classification,IN_LINE_PROCESS,Current wafer,YES,SAFE,0.0006381620931716656,43.76946528399796,1560,KEEP,Passes variance and completeness screening
sensor_325,325,FAB_IN_LINE_SENSOR,float64,UNKNOWN / NOT DOCUMENTED,Raw in-line sensor reading,Semiconductor in-line sensor channel 325,UCI_SECOM,Yield_Defect_Classification,IN_LINE_PROCESS,Current wafer,YES,SAFE,0.0006381620931716656,0.0,1,REMOVE,"Near-zero/zero variance (var=0.00e+00, unique=1)"
sensor_326,326,FAB_IN_LINE_SENSOR,float64,UNKNOWN / NOT DOCUMENTED,Raw in-line sensor reading,Semiconductor in-line sensor channel 326,UCI_SECOM,Yield_Defect_Classification,IN_LINE_PROCESS,Current wafer,YES,SAFE,0.0025526483726866626,0.0,1,REMOVE,"Near-zero/zero variance (var=0.00e+00, unique=1)"
sensor_327,327,FAB_IN_LINE_SENSOR,float64,UNKNOWN / NOT DOCUMENTED,Raw in-line sensor reading,Semiconductor in-line sensor channel 327,UCI_SECOM,Yield_Defect_Classification,IN_LINE_PROCESS,Current wafer,YES,SAFE,0.0025526483726866626,0.0,1,REMOVE,"Near-zero/zero variance (var=0.00e+00, unique=1)"
sensor_328,328,FAB_IN_LINE_SENSOR,float64,UNKNOWN / NOT DOCUMENTED,Raw in-line sensor reading,Semiconductor in-line sensor channel 328,UCI_SECOM,Yield_Defect_Classification,IN_LINE_PROCESS,Current wafer,YES,SAFE,0.0025526483726866626,0.0,1,REMOVE,"Near-zero/zero variance (var=0.00e+00, unique=1)"
sensor_329,329,FAB_IN_LINE_SENSOR,float64,UNKNOWN / NOT DOCUMENTED,Raw in-line sensor reading,Semiconductor in-line sensor channel 329,UCI_SECOM,Yield_Defect_Classification,IN_LINE_PROCESS,Current wafer,YES,SAFE,0.0025526483726866626,0.0,1,REMOVE,"Near-zero/zero variance (var=0.00e+00, unique=1)"
sensor_330,330,FAB_IN_LINE_SENSOR,float64,UNKNOWN / NOT DOCUMENTED,Raw in-line sensor reading,Semiconductor in-line sensor channel 330,UCI_SECOM,Yield_Defect_Classification,IN_LINE_PROCESS,Current wafer,YES,SAFE,0.0025526483726866626,0.0,1,REMOVE,"Near-zero/zero variance (var=0.00e+00, unique=1)"
sensor_331,331,FAB_IN_LINE_SENSOR,float64,UNKNOWN / NOT DOCUMENTED,Raw in-line sensor reading,Semiconductor in-line sensor channel 331,UCI_SECOM,Yield_Defect_Classification,IN_LINE_PROCESS,Current wafer,YES,SAFE,0.0025526483726866626,0.004022667883023143,313,KEEP,Passes variance and completeness screening
sensor_332,332,FAB_IN_LINE_SENSOR,float64,UNKNOWN / NOT DOCUMENTED,Raw in-line sensor reading,Semiconductor in-line sensor channel 332,UCI_SECOM,Yield_Defect_Classification,IN_LINE_PROCESS,Current wafer,YES,SAFE,0.004467134652201659,31.868574712994025,1517,KEEP,Passes variance and completeness screening
sensor_333,333,FAB_IN_LINE_SENSOR,float64,UNKNOWN / NOT DOCUMENTED,Raw in-line sensor reading,Semiconductor in-line sensor channel 333,UCI_SECOM,Yield_Defect_Classification,IN_LINE_PROCESS,Current wafer,YES,SAFE,0.0038289725590299937,11.583450360611057,1527,KEEP,Passes variance and completeness screening
sensor_334,334,FAB_IN_LINE_SENSOR,float64,UNKNOWN / NOT DOCUMENTED,Raw in-line sensor reading,Semiconductor in-line sensor channel 334,UCI_SECOM,Yield_Defect_Classification,IN_LINE_PROCESS,Current wafer,YES,SAFE,0.0038289725590299937,0.029888376975788042,1145,KEEP,Passes variance and completeness screening
sensor_335,335,FAB_IN_LINE_SENSOR,float64,UNKNOWN / NOT DOCUMENTED,Raw in-line sensor reading,Semiconductor in-line sensor channel 335,UCI_SECOM,Yield_Defect_Classification,IN_LINE_PROCESS,Current wafer,YES,SAFE,0.0038289725590299937,33.42641831175359,1526,KEEP,Passes variance and completeness screening
sensor_336,336,FAB_IN_LINE_SENSOR,float64,UNKNOWN / NOT DOCUMENTED,Raw in-line sensor reading,Semiconductor in-line sensor channel 336,UCI_SECOM,Yield_Defect_Classification,IN_LINE_PROCESS,Current wafer,YES,SAFE,0.004467134652201659,57.095114917236614,1532,KEEP,Passes variance and completeness screening
sensor_337,337,FAB_IN_LINE_SENSOR,float64,UNKNOWN / NOT DOCUMENTED,Raw in-line sensor reading,Semiconductor in-line sensor channel 337,UCI_SECOM,Yield_Defect_Classification,IN_LINE_PROCESS,Current wafer,YES,SAFE,0.004467134652201659,2.888078659500958,1517,KEEP,Passes variance and completeness screening
sensor_338,338,FAB_IN_LINE_SENSOR,float64,UNKNOWN / NOT DOCUMENTED,Raw in-line sensor reading,Semiconductor in-line sensor channel 338,UCI_SECOM,Yield_Defect_Classification,IN_LINE_PROCESS,Current wafer,YES,SAFE,0.004467134652201659,31.866272815254646,1520,KEEP,Passes variance and completeness screening
sensor_339,339,FAB_IN_LINE_SENSOR,float64,UNKNOWN / NOT DOCUMENTED,Raw in-line sensor reading,Semiconductor in-line sensor channel 339,UCI_SECOM,Yield_Defect_Classification,IN_LINE_PROCESS,Current wafer,YES,SAFE,0.0038289725590299937,36.90200404035224,1543,KEEP,Passes variance and completeness screening
sensor_340,340,FAB_IN_LINE_SENSOR,float64,UNKNOWN / NOT DOCUMENTED,Raw in-line sensor reading,Semiconductor in-line sensor channel 340,UCI_SECOM,Yield_Defect_Classification,IN_LINE_PROCESS,Current wafer,YES,SAFE,0.0038289725590299937,68507.01699296547,761,KEEP,Passes variance and completeness screening
sensor_341,341,FAB_IN_LINE_SENSOR,float64,UNKNOWN / NOT DOCUMENTED,Raw in-line sensor reading,Semiconductor in-line sensor channel 341,UCI_SECOM,Yield_Defect_Classification,IN_LINE_PROCESS,Current wafer,YES,SAFE,0.0038289725590299937,13.453504845055905,1517,KEEP,Passes variance and completeness screening
sensor_342,342,FAB_IN_LINE_SENSOR,float64,UNKNOWN / NOT DOCUMENTED,Raw in-line sensor reading,Semiconductor in-line sensor channel 342,UCI_SECOM,Yield_Defect_Classification,IN_LINE_PROCESS,Current wafer,YES,SAFE,0.0038289725590299937,0.00012811520819987177,2,KEEP,Passes variance and completeness screening
sensor_343,343,FAB_IN_LINE_SENSOR,float64,UNKNOWN / NOT DOCUMENTED,Raw in-line sensor reading,Semiconductor in-line sensor channel 343,UCI_SECOM,Yield_Defect_Classification,IN_LINE_PROCESS,Current wafer,YES,SAFE,0.0038289725590299937,28.856504578348332,1541,KEEP,Passes variance and completeness screening
sensor_344,344,FAB_IN_LINE_SENSOR,float64,UNKNOWN / NOT DOCUMENTED,Raw in-line sensor reading,Semiconductor in-line sensor channel 344,UCI_SECOM,Yield_Defect_Classification,IN_LINE_PROCESS,Current wafer,YES,SAFE,0.0038289725590299937,79.1249580078209,1551,KEEP,Passes variance and completeness screening
sensor_345,345,FAB_IN_LINE_SENSOR,float64,UNKNOWN / NOT DOCUMENTED,Raw in-line sensor reading,Semiconductor in-line sensor channel 345,UCI_SECOM,Yield_Defect_Classification,IN_LINE_PROCESS,Current wafer,YES,SAFE,0.5067007019783025,306.70395341911615,767,REMOVE,Excessive missingness (50.7% > 50%)
sensor_346,346,FAB_IN_LINE_SENSOR,float64,UNKNOWN / NOT DOCUMENTED,Raw in-line sensor reading,Semiconductor in-line sensor channel 346,UCI_SECOM,Yield_Defect_Classification,IN_LINE_PROCESS,Current wafer,YES,SAFE,0.5067007019783025,291.6409430608228,762,REMOVE,Excessive missingness (50.7% > 50%)
sensor_347,347,FAB_IN_LINE_SENSOR,float64,UNKNOWN / NOT DOCUMENTED,Raw in-line sensor reading,Semiconductor in-line sensor channel 347,UCI_SECOM,Yield_Defect_Classification,IN_LINE_PROCESS,Current wafer,YES,SAFE,0.0038289725590299937,0.12403515444586814,2,KEEP,Passes variance and completeness screening
sensor_348,348,FAB_IN_LINE_SENSOR,float64,UNKNOWN / NOT DOCUMENTED,Raw in-line sensor reading,Semiconductor in-line sensor channel 348,UCI_SECOM,Yield_Defect_Classification,IN_LINE_PROCESS,Current wafer,YES,SAFE,0.015315890236119975,0.00014071846291313517,357,KEEP,Passes variance and completeness screening
sensor_349,349,FAB_IN_LINE_SENSOR,float64,UNKNOWN / NOT DOCUMENTED,Raw in-line sensor reading,Semiconductor in-line sensor channel 349,UCI_SECOM,Yield_Defect_Classification,IN_LINE_PROCESS,Current wafer,YES,SAFE,0.015315890236119975,0.00011242800894042213,373,KEEP,Passes variance and completeness screening
sensor_350,350,FAB_IN_LINE_SENSOR,float64,UNKNOWN / NOT DOCUMENTED,Raw in-line sensor reading,Semiconductor in-line sensor channel 350,UCI_SECOM,Yield_Defect_Classification,IN_LINE_PROCESS,Current wafer,YES,SAFE,0.015315890236119975,0.00020522439258338355,435,KEEP,Passes variance and completeness screening
sensor_351,351,FAB_IN_LINE_SENSOR,float64,UNKNOWN / NOT DOCUMENTED,Raw in-line sensor reading,Semiconductor in-line sensor channel 351,UCI_SECOM,Yield_Defect_Classification,IN_LINE_PROCESS,Current wafer,YES,SAFE,0.015315890236119975,0.0006033369437810857,499,KEEP,Passes variance and completeness screening
sensor_352,352,FAB_IN_LINE_SENSOR,float64,UNKNOWN / NOT DOCUMENTED,Raw in-line sensor reading,Semiconductor in-line sensor channel 352,UCI_SECOM,Yield_Defect_Classification,IN_LINE_PROCESS,Current wafer,YES,SAFE,0.015315890236119975,0.0001731106917899589,354,KEEP,Passes variance and completeness screening
sensor_353,353,FAB_IN_LINE_SENSOR,float64,UNKNOWN / NOT DOCUMENTED,Raw in-line sensor reading,Semiconductor in-line sensor channel 353,UCI_SECOM,Yield_Defect_Classification,IN_LINE_PROCESS,Current wafer,YES,SAFE,0.015315890236119975,0.0002402274658072564,563,KEEP,Passes variance and completeness screening
sensor_354,354,FAB_IN_LINE_SENSOR,float64,UNKNOWN / NOT DOCUMENTED,Raw in-line sensor reading,Semiconductor in-line sensor channel 354,UCI_SECOM,Yield_Defect_Classification,IN_LINE_PROCESS,Current wafer,YES,SAFE,0.015315890236119975,0.00017076997384111165,486,KEEP,Passes variance and completeness screening
sensor_355,355,FAB_IN_LINE_SENSOR,float64,UNKNOWN / NOT DOCUMENTED,Raw in-line sensor reading,Semiconductor in-line sensor channel 355,UCI_SECOM,Yield_Defect_Classification,IN_LINE_PROCESS,Current wafer,YES,SAFE,0.015315890236119975,0.0004975884980494312,572,KEEP,Passes variance and completeness screening
sensor_356,356,FAB_IN_LINE_SENSOR,float64,UNKNOWN / NOT DOCUMENTED,Raw in-line sensor reading,Semiconductor in-line sensor channel 356,UCI_SECOM,Yield_Defect_Classification,IN_LINE_PROCESS,Current wafer,YES,SAFE,0.0006381620931716656,0.14970523332802893,1473,KEEP,Passes variance and completeness screening
sensor_357,357,FAB_IN_LINE_SENSOR,float64,UNKNOWN / NOT DOCUMENTED,Raw in-line sensor reading,Semiconductor in-line sensor channel 357,UCI_SECOM,Yield_Defect_Classification,IN_LINE_PROCESS,Current wafer,YES,SAFE,0.007657945118059987,2.5092530012787247e-07,28,REMOVE,"Near-zero/zero variance (var=2.51e-07, unique=28)"
sensor_358,358,FAB_IN_LINE_SENSOR,float64,UNKNOWN / NOT DOCUMENTED,Raw in-line sensor reading,Semiconductor in-line sensor channel 358,UCI_SECOM,Yield_Defect_Classification,IN_LINE_PROCESS,Current wafer,YES,SAFE,0.8557753669432036,1.5579410029498525e-07,20,REMOVE,Excessive missingness (85.6% > 50%)
sensor_359,359,FAB_IN_LINE_SENSOR,float64,UNKNOWN / NOT DOCUMENTED,Raw in-line sensor reading,Semiconductor in-line sensor channel 359,UCI_SECOM,Yield_Defect_Classification,IN_LINE_PROCESS,Current wafer,YES,SAFE,0.0,5.092759846482487e-05,215,KEEP,Passes variance and completeness screening
sensor_360,360,FAB_IN_LINE_SENSOR,float64,UNKNOWN / NOT DOCUMENTED,Raw in-line sensor reading,Semiconductor in-line sensor channel 360,UCI_SECOM,Yield_Defect_Classification,IN_LINE_PROCESS,Current wafer,YES,SAFE,0.0,0.00040010275615932363,97,KEEP,Passes variance and completeness screening
sensor_361,361,FAB_IN_LINE_SENSOR,float64,UNKNOWN / NOT DOCUMENTED,Raw in-line sensor reading,Semiconductor in-line sensor channel 361,UCI_SECOM,Yield_Defect_Classification,IN_LINE_PROCESS,Current wafer,YES,SAFE,0.0,290.9175070439967,972,KEEP,Passes variance and completeness screening
sensor_362,362,FAB_IN_LINE_SENSOR,float64,UNKNOWN / NOT DOCUMENTED,Raw in-line sensor reading,Semiconductor in-line sensor channel 362,UCI_SECOM,Yield_Defect_Classification,IN_LINE_PROCESS,Current wafer,YES,SAFE,0.03254626675175495,0.00046846512707141426,389,KEEP,Passes variance and completeness screening
sensor_363,363,FAB_IN_LINE_SENSOR,float64,UNKNOWN / NOT DOCUMENTED,Raw in-line sensor reading,Semiconductor in-line sensor channel 363,UCI_SECOM,Yield_Defect_Classification,IN_LINE_PROCESS,Current wafer,YES,SAFE,0.03254626675175495,19265.975199106724,1516,KEEP,Passes variance and completeness screening
sensor_364,364,FAB_IN_LINE_SENSOR,float64,UNKNOWN / NOT DOCUMENTED,Raw in-line sensor reading,Semiconductor in-line sensor channel 364,UCI_SECOM,Yield_Defect_Classification,IN_LINE_PROCESS,Current wafer,YES,SAFE,0.0038289725590299937,0.0,1,REMOVE,"Near-zero/zero variance (var=0.00e+00, unique=1)"
sensor_365,365,FAB_IN_LINE_SENSOR,float64,UNKNOWN / NOT DOCUMENTED,Raw in-line sensor reading,Semiconductor in-line sensor channel 365,UCI_SECOM,Yield_Defect_Classification,IN_LINE_PROCESS,Current wafer,YES,SAFE,0.0012763241863433313,7.0543904218723165e-06,120,KEEP,Passes variance and completeness screening
sensor_366,366,FAB_IN_LINE_SENSOR,float64,UNKNOWN / NOT DOCUMENTED,Raw in-line sensor reading,Semiconductor in-line sensor channel 366,UCI_SECOM,Yield_Defect_Classification,IN_LINE_PROCESS,Current wafer,YES,SAFE,0.0012763241863433313,5.676063644460421e-06,107,KEEP,Passes variance and completeness screening
sensor_367,367,FAB_IN_LINE_SENSOR,float64,UNKNOWN / NOT DOCUMENTED,Raw in-line sensor reading,Semiconductor in-line sensor channel 367,UCI_SECOM,Yield_Defect_Classification,IN_LINE_PROCESS,Current wafer,YES,SAFE,0.0038289725590299937,7.285035923717535e-06,113,KEEP,Passes variance and completeness screening
sensor_368,368,FAB_IN_LINE_SENSOR,float64,UNKNOWN / NOT DOCUMENTED,Raw in-line sensor reading,Semiconductor in-line sensor channel 368,UCI_SECOM,Yield_Defect_Classification,IN_LINE_PROCESS,Current wafer,YES,SAFE,0.0038289725590299937,4.438110768902248e-06,97,KEEP,Passes variance and completeness screening
sensor_369,369,FAB_IN_LINE_SENSOR,float64,UNKNOWN / NOT DOCUMENTED,Raw in-line sensor reading,Semiconductor in-line sensor channel 369,UCI_SECOM,Yield_Defect_Classification,IN_LINE_PROCESS,Current wafer,YES,SAFE,0.0038289725590299937,0.0,1,REMOVE,"Near-zero/zero variance (var=0.00e+00, unique=1)"
sensor_370,370,FAB_IN_LINE_SENSOR,float64,UNKNOWN / NOT DOCUMENTED,Raw in-line sensor reading,Semiconductor in-line sensor channel 370,UCI_SECOM,Yield_Defect_Classification,IN_LINE_PROCESS,Current wafer,YES,SAFE,0.0038289725590299937,0.0,1,REMOVE,"Near-zero/zero variance (var=0.00e+00, unique=1)"
sensor_371,371,FAB_IN_LINE_SENSOR,float64,UNKNOWN / NOT DOCUMENTED,Raw in-line sensor reading,Semiconductor in-line sensor channel 371,UCI_SECOM,Yield_Defect_Classification,IN_LINE_PROCESS,Current wafer,YES,SAFE,0.0038289725590299937,0.0,1,REMOVE,"Near-zero/zero variance (var=0.00e+00, unique=1)"
sensor_372,372,FAB_IN_LINE_SENSOR,float64,UNKNOWN / NOT DOCUMENTED,Raw in-line sensor reading,Semiconductor in-line sensor channel 372,UCI_SECOM,Yield_Defect_Classification,IN_LINE_PROCESS,Current wafer,YES,SAFE,0.0038289725590299937,0.0,1,REMOVE,"Near-zero/zero variance (var=0.00e+00, unique=1)"
sensor_373,373,FAB_IN_LINE_SENSOR,float64,UNKNOWN / NOT DOCUMENTED,Raw in-line sensor reading,Semiconductor in-line sensor channel 373,UCI_SECOM,Yield_Defect_Classification,IN_LINE_PROCESS,Current wafer,YES,SAFE,0.0038289725590299937,0.0,1,REMOVE,"Near-zero/zero variance (var=0.00e+00, unique=1)"
sensor_374,374,FAB_IN_LINE_SENSOR,float64,UNKNOWN / NOT DOCUMENTED,Raw in-line sensor reading,Semiconductor in-line sensor channel 374,UCI_SECOM,Yield_Defect_Classification,IN_LINE_PROCESS,Current wafer,YES,SAFE,0.0038289725590299937,0.0,1,REMOVE,"Near-zero/zero variance (var=0.00e+00, unique=1)"
sensor_375,375,FAB_IN_LINE_SENSOR,float64,UNKNOWN / NOT DOCUMENTED,Raw in-line sensor reading,Semiconductor in-line sensor channel 375,UCI_SECOM,Yield_Defect_Classification,IN_LINE_PROCESS,Current wafer,YES,SAFE,0.0038289725590299937,0.0,1,REMOVE,"Near-zero/zero variance (var=0.00e+00, unique=1)"
sensor_376,376,FAB_IN_LINE_SENSOR,float64,UNKNOWN / NOT DOCUMENTED,Raw in-line sensor reading,Semiconductor in-line sensor channel 376,UCI_SECOM,Yield_Defect_Classification,IN_LINE_PROCESS,Current wafer,YES,SAFE,0.0012763241863433313,2.8553000008171066e-07,36,REMOVE,"Near-zero/zero variance (var=2.86e-07, unique=36)"
sensor_377,377,FAB_IN_LINE_SENSOR,float64,UNKNOWN / NOT DOCUMENTED,Raw in-line sensor reading,Semiconductor in-line sensor channel 377,UCI_SECOM,Yield_Defect_Classification,IN_LINE_PROCESS,Current wafer,YES,SAFE,0.0012763241863433313,2.176596259284378e-07,31,REMOVE,"Near-zero/zero variance (var=2.18e-07, unique=31)"
sensor_378,378,FAB_IN_LINE_SENSOR,float64,UNKNOWN / NOT DOCUMENTED,Raw in-line sensor reading,Semiconductor in-line sensor channel 378,UCI_SECOM,Yield_Defect_Classification,IN_LINE_PROCESS,Current wafer,YES,SAFE,0.0038289725590299937,0.0,1,REMOVE,"Near-zero/zero variance (var=0.00e+00, unique=1)"
sensor_379,379,FAB_IN_LINE_SENSOR,float64,UNKNOWN / NOT DOCUMENTED,Raw in-line sensor reading,Semiconductor in-line sensor channel 379,UCI_SECOM,Yield_Defect_Classification,IN_LINE_PROCESS,Current wafer,YES,SAFE,0.0038289725590299937,0.0,1,REMOVE,"Near-zero/zero variance (var=0.00e+00, unique=1)"
sensor_380,380,FAB_IN_LINE_SENSOR,float64,UNKNOWN / NOT DOCUMENTED,Raw in-line sensor reading,Semiconductor in-line sensor channel 380,UCI_SECOM,Yield_Defect_Classification,IN_LINE_PROCESS,Current wafer,YES,SAFE,0.0038289725590299937,0.0,1,REMOVE,"Near-zero/zero variance (var=0.00e+00, unique=1)"
sensor_381,381,FAB_IN_LINE_SENSOR,float64,UNKNOWN / NOT DOCUMENTED,Raw in-line sensor reading,Semiconductor in-line sensor channel 381,UCI_SECOM,Yield_Defect_Classification,IN_LINE_PROCESS,Current wafer,YES,SAFE,0.0038289725590299937,0.0,1,REMOVE,"Near-zero/zero variance (var=0.00e+00, unique=1)"
sensor_382,382,FAB_IN_LINE_SENSOR,float64,UNKNOWN / NOT DOCUMENTED,Raw in-line sensor reading,Semiconductor in-line sensor channel 382,UCI_SECOM,Yield_Defect_Classification,IN_LINE_PROCESS,Current wafer,YES,SAFE,0.6496490108487556,0.0007150255983008255,29,REMOVE,Excessive missingness (65.0% > 50%)
sensor_383,383,FAB_IN_LINE_SENSOR,float64,UNKNOWN / NOT DOCUMENTED,Raw in-line sensor reading,Semiconductor in-line sensor channel 383,UCI_SECOM,Yield_Defect_Classification,IN_LINE_PROCESS,Current wafer,YES,SAFE,0.6496490108487556,1.7983340765992584,525,REMOVE,Excessive missingness (65.0% > 50%)
sensor_384,384,FAB_IN_LINE_SENSOR,float64,UNKNOWN / NOT DOCUMENTED,Raw in-line sensor reading,Semiconductor in-line sensor channel 384,UCI_SECOM,Yield_Defect_Classification,IN_LINE_PROCESS,Current wafer,YES,SAFE,0.6496490108487556,10.03893210892492,536,REMOVE,Excessive missingness (65.0% > 50%)
sensor_385,385,FAB_IN_LINE_SENSOR,float64,UNKNOWN / NOT DOCUMENTED,Raw in-line sensor reading,Semiconductor in-line sensor channel 385,UCI_SECOM,Yield_Defect_Classification,IN_LINE_PROCESS,Current wafer,YES,SAFE,0.4562858966177409,0.00020637127979786278,232,KEEP,Passes variance and completeness screening
sensor_386,386,FAB_IN_LINE_SENSOR,float64,UNKNOWN / NOT DOCUMENTED,Raw in-line sensor reading,Semiconductor in-line sensor channel 386,UCI_SECOM,Yield_Defect_Classification,IN_LINE_PROCESS,Current wafer,YES,SAFE,0.0,0.00023988228085489272,191,KEEP,Passes variance and completeness screening
sensor_387,387,FAB_IN_LINE_SENSOR,float64,UNKNOWN / NOT DOCUMENTED,Raw in-line sensor reading,Semiconductor in-line sensor channel 387,UCI_SECOM,Yield_Defect_Classification,IN_LINE_PROCESS,Current wafer,YES,SAFE,0.0,2.489345869184106e-05,22,KEEP,Passes variance and completeness screening
sensor_388,388,FAB_IN_LINE_SENSOR,float64,UNKNOWN / NOT DOCUMENTED,Raw in-line sensor reading,Semiconductor in-line sensor channel 388,UCI_SECOM,Yield_Defect_Classification,IN_LINE_PROCESS,Current wafer,YES,SAFE,0.0,296.7696399335292,1564,KEEP,Passes variance and completeness screening
sensor_389,389,FAB_IN_LINE_SENSOR,float64,UNKNOWN / NOT DOCUMENTED,Raw in-line sensor reading,Semiconductor in-line sensor channel 389,UCI_SECOM,Yield_Defect_Classification,IN_LINE_PROCESS,Current wafer,YES,SAFE,0.0,0.0001396179597395516,92,KEEP,Passes variance and completeness screening
sensor_390,390,FAB_IN_LINE_SENSOR,float64,UNKNOWN / NOT DOCUMENTED,Raw in-line sensor reading,Semiconductor in-line sensor channel 390,UCI_SECOM,Yield_Defect_Classification,IN_LINE_PROCESS,Current wafer,YES,SAFE,0.0,413.16315191933387,1458,KEEP,Passes variance and completeness screening
sensor_391,391,FAB_IN_LINE_SENSOR,float64,UNKNOWN / NOT DOCUMENTED,Raw in-line sensor reading,Semiconductor in-line sensor channel 391,UCI_SECOM,Yield_Defect_Classification,IN_LINE_PROCESS,Current wafer,YES,SAFE,0.015315890236119975,4.539670690529087e-05,183,KEEP,Passes variance and completeness screening
sensor_392,392,FAB_IN_LINE_SENSOR,float64,UNKNOWN / NOT DOCUMENTED,Raw in-line sensor reading,Semiconductor in-line sensor channel 392,UCI_SECOM,Yield_Defect_Classification,IN_LINE_PROCESS,Current wafer,YES,SAFE,0.0,8.735296297111312e-06,109,KEEP,Passes variance and completeness screening
sensor_393,393,FAB_IN_LINE_SENSOR,float64,UNKNOWN / NOT DOCUMENTED,Raw in-line sensor reading,Semiconductor in-line sensor channel 393,UCI_SECOM,Yield_Defect_Classification,IN_LINE_PROCESS,Current wafer,YES,SAFE,0.0,0.0014752123041889677,953,KEEP,Passes variance and completeness screening
sensor_394,394,FAB_IN_LINE_SENSOR,float64,UNKNOWN / NOT DOCUMENTED,Raw in-line sensor reading,Semiconductor in-line sensor channel 394,UCI_SECOM,Yield_Defect_Classification,IN_LINE_PROCESS,Current wafer,YES,SAFE,0.00574345883854499,0.0,1,REMOVE,"Near-zero/zero variance (var=0.00e+00, unique=1)"
sensor_395,395,FAB_IN_LINE_SENSOR,float64,UNKNOWN / NOT DOCUMENTED,Raw in-line sensor reading,Semiconductor in-line sensor channel 395,UCI_SECOM,Yield_Defect_Classification,IN_LINE_PROCESS,Current wafer,YES,SAFE,0.00574345883854499,0.0,1,REMOVE,"Near-zero/zero variance (var=0.00e+00, unique=1)"
sensor_396,396,FAB_IN_LINE_SENSOR,float64,UNKNOWN / NOT DOCUMENTED,Raw in-line sensor reading,Semiconductor in-line sensor channel 396,UCI_SECOM,Yield_Defect_Classification,IN_LINE_PROCESS,Current wafer,YES,SAFE,0.00574345883854499,0.0,1,REMOVE,"Near-zero/zero variance (var=0.00e+00, unique=1)"
sensor_397,397,FAB_IN_LINE_SENSOR,float64,UNKNOWN / NOT DOCUMENTED,Raw in-line sensor reading,Semiconductor in-line sensor channel 397,UCI_SECOM,Yield_Defect_Classification,IN_LINE_PROCESS,Current wafer,YES,SAFE,0.00574345883854499,0.0,1,REMOVE,"Near-zero/zero variance (var=0.00e+00, unique=1)"
sensor_398,398,FAB_IN_LINE_SENSOR,float64,UNKNOWN / NOT DOCUMENTED,Raw in-line sensor reading,Semiconductor in-line sensor channel 398,UCI_SECOM,Yield_Defect_Classification,IN_LINE_PROCESS,Current wafer,YES,SAFE,0.00574345883854499,0.0,1,REMOVE,"Near-zero/zero variance (var=0.00e+00, unique=1)"
sensor_399,399,FAB_IN_LINE_SENSOR,float64,UNKNOWN / NOT DOCUMENTED,Raw in-line sensor reading,Semiconductor in-line sensor channel 399,UCI_SECOM,Yield_Defect_Classification,IN_LINE_PROCESS,Current wafer,YES,SAFE,0.00574345883854499,0.0,1,REMOVE,"Near-zero/zero variance (var=0.00e+00, unique=1)"
sensor_400,400,FAB_IN_LINE_SENSOR,float64,UNKNOWN / NOT DOCUMENTED,Raw in-line sensor reading,Semiconductor in-line sensor channel 400,UCI_SECOM,Yield_Defect_Classification,IN_LINE_PROCESS,Current wafer,YES,SAFE,0.00574345883854499,0.0,1,REMOVE,"Near-zero/zero variance (var=0.00e+00, unique=1)"
sensor_401,401,FAB_IN_LINE_SENSOR,float64,UNKNOWN / NOT DOCUMENTED,Raw in-line sensor reading,Semiconductor in-line sensor channel 401,UCI_SECOM,Yield_Defect_Classification,IN_LINE_PROCESS,Current wafer,YES,SAFE,0.00574345883854499,0.0,1,REMOVE,"Near-zero/zero variance (var=0.00e+00, unique=1)"
sensor_402,402,FAB_IN_LINE_SENSOR,float64,UNKNOWN / NOT DOCUMENTED,Raw in-line sensor reading,Semiconductor in-line sensor channel 402,UCI_SECOM,Yield_Defect_Classification,IN_LINE_PROCESS,Current wafer,YES,SAFE,0.00574345883854499,0.0,1,REMOVE,"Near-zero/zero variance (var=0.00e+00, unique=1)"
sensor_403,403,FAB_IN_LINE_SENSOR,float64,UNKNOWN / NOT DOCUMENTED,Raw in-line sensor reading,Semiconductor in-line sensor channel 403,UCI_SECOM,Yield_Defect_Classification,IN_LINE_PROCESS,Current wafer,YES,SAFE,0.00574345883854499,0.0,1,REMOVE,"Near-zero/zero variance (var=0.00e+00, unique=1)"
sensor_404,404,FAB_IN_LINE_SENSOR,float64,UNKNOWN / NOT DOCUMENTED,Raw in-line sensor reading,Semiconductor in-line sensor channel 404,UCI_SECOM,Yield_Defect_Classification,IN_LINE_PROCESS,Current wafer,YES,SAFE,0.00574345883854499,0.0,1,REMOVE,"Near-zero/zero variance (var=0.00e+00, unique=1)"
sensor_405,405,FAB_IN_LINE_SENSOR,float64,UNKNOWN / NOT DOCUMENTED,Raw in-line sensor reading,Semiconductor in-line sensor channel 405,UCI_SECOM,Yield_Defect_Classification,IN_LINE_PROCESS,Current wafer,YES,SAFE,0.005105296745373325,0.00011509577804474579,228,KEEP,Passes variance and completeness screening
sensor_406,406,FAB_IN_LINE_SENSOR,float64,UNKNOWN / NOT DOCUMENTED,Raw in-line sensor reading,Semiconductor in-line sensor channel 406,UCI_SECOM,Yield_Defect_Classification,IN_LINE_PROCESS,Current wafer,YES,SAFE,0.005105296745373325,8.006541582696899,335,KEEP,Passes variance and completeness screening
sensor_407,407,FAB_IN_LINE_SENSOR,float64,UNKNOWN / NOT DOCUMENTED,Raw in-line sensor reading,Semiconductor in-line sensor channel 407,UCI_SECOM,Yield_Defect_Classification,IN_LINE_PROCESS,Current wafer,YES,SAFE,0.005105296745373325,0.13301421099402122,331,KEEP,Passes variance and completeness screening
sensor_408,408,FAB_IN_LINE_SENSOR,float64,UNKNOWN / NOT DOCUMENTED,Raw in-line sensor reading,Semiconductor in-line sensor channel 408,UCI_SECOM,Yield_Defect_Classification,IN_LINE_PROCESS,Current wafer,YES,SAFE,0.003190810465858328,6.646690706388383,593,KEEP,Passes variance and completeness screening
sensor_409,409,FAB_IN_LINE_SENSOR,float64,UNKNOWN / NOT DOCUMENTED,Raw in-line sensor reading,Semiconductor in-line sensor channel 409,UCI_SECOM,Yield_Defect_Classification,IN_LINE_PROCESS,Current wafer,YES,SAFE,0.0038289725590299937,3.157171928805614,1548,KEEP,Passes variance and completeness screening
sensor_410,410,FAB_IN_LINE_SENSOR,float64,UNKNOWN / NOT DOCUMENTED,Raw in-line sensor reading,Semiconductor in-line sensor channel 410,UCI_SECOM,Yield_Defect_Classification,IN_LINE_PROCESS,Current wafer,YES,SAFE,0.004467134652201659,4.507035329702209,1545,KEEP,Passes variance and completeness screening
sensor_411,411,FAB_IN_LINE_SENSOR,float64,UNKNOWN / NOT DOCUMENTED,Raw in-line sensor reading,Semiconductor in-line sensor channel 411,UCI_SECOM,Yield_Defect_Classification,IN_LINE_PROCESS,Current wafer,YES,SAFE,0.008934269304403318,0.3041237591176539,509,KEEP,Passes variance and completeness screening
sensor_412,412,FAB_IN_LINE_SENSOR,float64,UNKNOWN / NOT DOCUMENTED,Raw in-line sensor reading,Semiconductor in-line sensor channel 412,UCI_SECOM,Yield_Defect_Classification,IN_LINE_PROCESS,Current wafer,YES,SAFE,0.008934269304403318,339.06145961681995,518,KEEP,Passes variance and completeness screening
sensor_413,413,FAB_IN_LINE_SENSOR,float64,UNKNOWN / NOT DOCUMENTED,Raw in-line sensor reading,Semiconductor in-line sensor channel 413,UCI_SECOM,Yield_Defect_Classification,IN_LINE_PROCESS,Current wafer,YES,SAFE,0.008934269304403318,2238.0906541333597,518,KEEP,Passes variance and completeness screening
sensor_414,414,FAB_IN_LINE_SENSOR,float64,UNKNOWN / NOT DOCUMENTED,Raw in-line sensor reading,Semiconductor in-line sensor channel 414,UCI_SECOM,Yield_Defect_Classification,IN_LINE_PROCESS,Current wafer,YES,SAFE,0.008934269304403318,0.0,1,REMOVE,"Near-zero/zero variance (var=0.00e+00, unique=1)"
sensor_415,415,FAB_IN_LINE_SENSOR,float64,UNKNOWN / NOT DOCUMENTED,Raw in-line sensor reading,Semiconductor in-line sensor channel 415,UCI_SECOM,Yield_Defect_Classification,IN_LINE_PROCESS,Current wafer,YES,SAFE,0.008934269304403318,15.668704344108992,513,KEEP,Passes variance and completeness screening
sensor_416,416,FAB_IN_LINE_SENSOR,float64,UNKNOWN / NOT DOCUMENTED,Raw in-line sensor reading,Semiconductor in-line sensor channel 416,UCI_SECOM,Yield_Defect_Classification,IN_LINE_PROCESS,Current wafer,YES,SAFE,0.00574345883854499,1.0721218245803499,510,KEEP,Passes variance and completeness screening
sensor_417,417,FAB_IN_LINE_SENSOR,float64,UNKNOWN / NOT DOCUMENTED,Raw in-line sensor reading,Semiconductor in-line sensor channel 417,UCI_SECOM,Yield_Defect_Classification,IN_LINE_PROCESS,Current wafer,YES,SAFE,0.0012763241863433313,16.439093333064413,1551,KEEP,Passes variance and completeness screening
sensor_418,418,FAB_IN_LINE_SENSOR,float64,UNKNOWN / NOT DOCUMENTED,Raw in-line sensor reading,Semiconductor in-line sensor channel 418,UCI_SECOM,Yield_Defect_Classification,IN_LINE_PROCESS,Current wafer,YES,SAFE,0.0012763241863433313,82773.86919974207,1051,KEEP,Passes variance and completeness screening
sensor_419,419,FAB_IN_LINE_SENSOR,float64,UNKNOWN / NOT DOCUMENTED,Raw in-line sensor reading,Semiconductor in-line sensor channel 419,UCI_SECOM,Yield_Defect_Classification,IN_LINE_PROCESS,Current wafer,YES,SAFE,0.0012763241863433313,105916.65539177277,851,KEEP,Passes variance and completeness screening
sensor_420,420,FAB_IN_LINE_SENSOR,float64,UNKNOWN / NOT DOCUMENTED,Raw in-line sensor reading,Semiconductor in-line sensor channel 420,UCI_SECOM,Yield_Defect_Classification,IN_LINE_PROCESS,Current wafer,YES,SAFE,0.0012763241863433313,9.34948205353656,1514,KEEP,Passes variance and completeness screening
sensor_421,421,FAB_IN_LINE_SENSOR,float64,UNKNOWN / NOT DOCUMENTED,Raw in-line sensor reading,Semiconductor in-line sensor channel 421,UCI_SECOM,Yield_Defect_Classification,IN_LINE_PROCESS,Current wafer,YES,SAFE,0.0012763241863433313,47.80139408857714,1534,KEEP,Passes variance and completeness screening
sensor_422,422,FAB_IN_LINE_SENSOR,float64,UNKNOWN / NOT DOCUMENTED,Raw in-line sensor reading,Semiconductor in-line sensor channel 422,UCI_SECOM,Yield_Defect_Classification,IN_LINE_PROCESS,Current wafer,YES,SAFE,0.0019144862795149968,0.0,1,REMOVE,"Near-zero/zero variance (var=0.00e+00, unique=1)"
sensor_423,423,FAB_IN_LINE_SENSOR,float64,UNKNOWN / NOT DOCUMENTED,Raw in-line sensor reading,Semiconductor in-line sensor channel 423,UCI_SECOM,Yield_Defect_Classification,IN_LINE_PROCESS,Current wafer,YES,SAFE,0.0019144862795149968,1062.5600328960102,1563,KEEP,Passes variance and completeness screening
sensor_424,424,FAB_IN_LINE_SENSOR,float64,UNKNOWN / NOT DOCUMENTED,Raw in-line sensor reading,Semiconductor in-line sensor channel 424,UCI_SECOM,Yield_Defect_Classification,IN_LINE_PROCESS,Current wafer,YES,SAFE,0.0019144862795149968,40.01024358072442,1529,KEEP,Passes variance and completeness screening
sensor_425,425,FAB_IN_LINE_SENSOR,float64,UNKNOWN / NOT DOCUMENTED,Raw in-line sensor reading,Semiconductor in-line sensor channel 425,UCI_SECOM,Yield_Defect_Classification,IN_LINE_PROCESS,Current wafer,YES,SAFE,0.0019144862795149968,540.921334755091,1540,KEEP,Passes variance and completeness screening
sensor_426,426,FAB_IN_LINE_SENSOR,float64,UNKNOWN / NOT DOCUMENTED,Raw in-line sensor reading,Semiconductor in-line sensor channel 426,UCI_SECOM,Yield_Defect_Classification,IN_LINE_PROCESS,Current wafer,YES,SAFE,0.0019144862795149968,0.9912593206650394,1481,KEEP,Passes variance and completeness screening
sensor_427,427,FAB_IN_LINE_SENSOR,float64,UNKNOWN / NOT DOCUMENTED,Raw in-line sensor reading,Semiconductor in-line sensor channel 427,UCI_SECOM,Yield_Defect_Classification,IN_LINE_PROCESS,Current wafer,YES,SAFE,0.0019144862795149968,9.254643130984597,1538,KEEP,Passes variance and completeness screening
sensor_428,428,FAB_IN_LINE_SENSOR,float64,UNKNOWN / NOT DOCUMENTED,Raw in-line sensor reading,Semiconductor in-line sensor channel 428,UCI_SECOM,Yield_Defect_Classification,IN_LINE_PROCESS,Current wafer,YES,SAFE,0.006381620931716656,113.0549498666854,404,KEEP,Passes variance and completeness screening
sensor_429,429,FAB_IN_LINE_SENSOR,float64,UNKNOWN / NOT DOCUMENTED,Raw in-line sensor reading,Semiconductor in-line sensor channel 429,UCI_SECOM,Yield_Defect_Classification,IN_LINE_PROCESS,Current wafer,YES,SAFE,0.0,41.41425080456852,1542,KEEP,Passes variance and completeness screening
sensor_430,430,FAB_IN_LINE_SENSOR,float64,UNKNOWN / NOT DOCUMENTED,Raw in-line sensor reading,Semiconductor in-line sensor channel 430,UCI_SECOM,Yield_Defect_Classification,IN_LINE_PROCESS,Current wafer,YES,SAFE,0.0012763241863433313,1300.3296922394181,1551,KEEP,Passes variance and completeness screening
sensor_431,431,FAB_IN_LINE_SENSOR,float64,UNKNOWN / NOT DOCUMENTED,Raw in-line sensor reading,Semiconductor in-line sensor channel 431,UCI_SECOM,Yield_Defect_Classification,IN_LINE_PROCESS,Current wafer,YES,SAFE,0.0012763241863433313,1324.6256894228723,1553,KEEP,Passes variance and completeness screening
sensor_432,432,FAB_IN_LINE_SENSOR,float64,UNKNOWN / NOT DOCUMENTED,Raw in-line sensor reading,Semiconductor in-line sensor channel 432,UCI_SECOM,Yield_Defect_Classification,IN_LINE_PROCESS,Current wafer,YES,SAFE,0.0012763241863433313,15923.591792191688,1503,KEEP,Passes variance and completeness screening
sensor_433,433,FAB_IN_LINE_SENSOR,float64,UNKNOWN / NOT DOCUMENTED,Raw in-line sensor reading,Semiconductor in-line sensor channel 433,UCI_SECOM,Yield_Defect_Classification,IN_LINE_PROCESS,Current wafer,YES,SAFE,0.0012763241863433313,50976.09826125072,1371,KEEP,Passes variance and completeness screening
sensor_434,434,FAB_IN_LINE_SENSOR,float64,UNKNOWN / NOT DOCUMENTED,Raw in-line sensor reading,Semiconductor in-line sensor channel 434,UCI_SECOM,Yield_Defect_Classification,IN_LINE_PROCESS,Current wafer,YES,SAFE,0.0012763241863433313,1163.4139257327113,1537,KEEP,Passes variance and completeness screening
sensor_435,435,FAB_IN_LINE_SENSOR,float64,UNKNOWN / NOT DOCUMENTED,Raw in-line sensor reading,Semiconductor in-line sensor channel 435,UCI_SECOM,Yield_Defect_Classification,IN_LINE_PROCESS,Current wafer,YES,SAFE,0.0012763241863433313,1181.2823834964026,1524,KEEP,Passes variance and completeness screening
sensor_436,436,FAB_IN_LINE_SENSOR,float64,UNKNOWN / NOT DOCUMENTED,Raw in-line sensor reading,Semiconductor in-line sensor channel 436,UCI_SECOM,Yield_Defect_Classification,IN_LINE_PROCESS,Current wafer,YES,SAFE,0.0012763241863433313,1194.2418098497415,1539,KEEP,Passes variance and completeness screening
sensor_437,437,FAB_IN_LINE_SENSOR,float64,UNKNOWN / NOT DOCUMENTED,Raw in-line sensor reading,Semiconductor in-line sensor channel 437,UCI_SECOM,Yield_Defect_Classification,IN_LINE_PROCESS,Current wafer,YES,SAFE,0.0012763241863433313,2.5962028463559723,1495,KEEP,Passes variance and completeness screening
sensor_438,438,FAB_IN_LINE_SENSOR,float64,UNKNOWN / NOT DOCUMENTED,Raw in-line sensor reading,Semiconductor in-line sensor channel 438,UCI_SECOM,Yield_Defect_Classification,IN_LINE_PROCESS,Current wafer,YES,SAFE,0.0012763241863433313,1163.3591692890325,967,KEEP,Passes variance and completeness screening
sensor_439,439,FAB_IN_LINE_SENSOR,float64,UNKNOWN / NOT DOCUMENTED,Raw in-line sensor reading,Semiconductor in-line sensor channel 439,UCI_SECOM,Yield_Defect_Classification,IN_LINE_PROCESS,Current wafer,YES,SAFE,0.0012763241863433313,1472.731019631313,1550,KEEP,Passes variance and completeness screening
sensor_440,440,FAB_IN_LINE_SENSOR,float64,UNKNOWN / NOT DOCUMENTED,Raw in-line sensor reading,Semiconductor in-line sensor channel 440,UCI_SECOM,Yield_Defect_Classification,IN_LINE_PROCESS,Current wafer,YES,SAFE,0.0012763241863433313,38.06236958575535,1557,KEEP,Passes variance and completeness screening
sensor_441,441,FAB_IN_LINE_SENSOR,float64,UNKNOWN / NOT DOCUMENTED,Raw in-line sensor reading,Semiconductor in-line sensor channel 441,UCI_SECOM,Yield_Defect_Classification,IN_LINE_PROCESS,Current wafer,YES,SAFE,0.0006381620931716656,0.033934322921996586,325,KEEP,Passes variance and completeness screening
sensor_442,442,FAB_IN_LINE_SENSOR,float64,UNKNOWN / NOT DOCUMENTED,Raw in-line sensor reading,Semiconductor in-line sensor channel 442,UCI_SECOM,Yield_Defect_Classification,IN_LINE_PROCESS,Current wafer,YES,SAFE,0.0006381620931716656,0.43453746523762954,335,KEEP,Passes variance and completeness screening
sensor_443,443,FAB_IN_LINE_SENSOR,float64,UNKNOWN / NOT DOCUMENTED,Raw in-line sensor reading,Semiconductor in-line sensor channel 443,UCI_SECOM,Yield_Defect_Classification,IN_LINE_PROCESS,Current wafer,YES,SAFE,0.0006381620931716656,0.020607190357725468,330,KEEP,Passes variance and completeness screening
sensor_444,444,FAB_IN_LINE_SENSOR,float64,UNKNOWN / NOT DOCUMENTED,Raw in-line sensor reading,Semiconductor in-line sensor channel 444,UCI_SECOM,Yield_Defect_Classification,IN_LINE_PROCESS,Current wafer,YES,SAFE,0.0006381620931716656,0.024187001465470318,325,KEEP,Passes variance and completeness screening
sensor_445,445,FAB_IN_LINE_SENSOR,float64,UNKNOWN / NOT DOCUMENTED,Raw in-line sensor reading,Semiconductor in-line sensor channel 445,UCI_SECOM,Yield_Defect_Classification,IN_LINE_PROCESS,Current wafer,YES,SAFE,0.0006381620931716656,0.019952177712835452,329,KEEP,Passes variance and completeness screening
sensor_446,446,FAB_IN_LINE_SENSOR,float64,UNKNOWN / NOT DOCUMENTED,Raw in-line sensor reading,Semiconductor in-line sensor channel 446,UCI_SECOM,Yield_Defect_Classification,IN_LINE_PROCESS,Current wafer,YES,SAFE,0.0006381620931716656,0.03103171440513467,338,KEEP,Passes variance and completeness screening
sensor_447,447,FAB_IN_LINE_SENSOR,float64,UNKNOWN / NOT DOCUMENTED,Raw in-line sensor reading,Semiconductor in-line sensor channel 447,UCI_SECOM,Yield_Defect_Classification,IN_LINE_PROCESS,Current wafer,YES,SAFE,0.0006381620931716656,0.007475463626818291,317,KEEP,Passes variance and completeness screening
sensor_448,448,FAB_IN_LINE_SENSOR,float64,UNKNOWN / NOT DOCUMENTED,Raw in-line sensor reading,Semiconductor in-line sensor channel 448,UCI_SECOM,Yield_Defect_Classification,IN_LINE_PROCESS,Current wafer,YES,SAFE,0.0006381620931716656,0.05582603044177591,326,KEEP,Passes variance and completeness screening
sensor_449,449,FAB_IN_LINE_SENSOR,float64,UNKNOWN / NOT DOCUMENTED,Raw in-line sensor reading,Semiconductor in-line sensor channel 449,UCI_SECOM,Yield_Defect_Classification,IN_LINE_PROCESS,Current wafer,YES,SAFE,0.015315890236119975,0.0,1,REMOVE,"Near-zero/zero variance (var=0.00e+00, unique=1)"
sensor_450,450,FAB_IN_LINE_SENSOR,float64,UNKNOWN / NOT DOCUMENTED,Raw in-line sensor reading,Semiconductor in-line sensor channel 450,UCI_SECOM,Yield_Defect_Classification,IN_LINE_PROCESS,Current wafer,YES,SAFE,0.015315890236119975,0.0,1,REMOVE,"Near-zero/zero variance (var=0.00e+00, unique=1)"
sensor_451,451,FAB_IN_LINE_SENSOR,float64,UNKNOWN / NOT DOCUMENTED,Raw in-line sensor reading,Semiconductor in-line sensor channel 451,UCI_SECOM,Yield_Defect_Classification,IN_LINE_PROCESS,Current wafer,YES,SAFE,0.0006381620931716656,0.0,1,REMOVE,"Near-zero/zero variance (var=0.00e+00, unique=1)"
sensor_452,452,FAB_IN_LINE_SENSOR,float64,UNKNOWN / NOT DOCUMENTED,Raw in-line sensor reading,Semiconductor in-line sensor channel 452,UCI_SECOM,Yield_Defect_Classification,IN_LINE_PROCESS,Current wafer,YES,SAFE,0.0006381620931716656,0.844921981789023,1518,KEEP,Passes variance and completeness screening
sensor_453,453,FAB_IN_LINE_SENSOR,float64,UNKNOWN / NOT DOCUMENTED,Raw in-line sensor reading,Semiconductor in-line sensor channel 453,UCI_SECOM,Yield_Defect_Classification,IN_LINE_PROCESS,Current wafer,YES,SAFE,0.0006381620931716656,5.0661205755315635,1550,KEEP,Passes variance and completeness screening
sensor_454,454,FAB_IN_LINE_SENSOR,float64,UNKNOWN / NOT DOCUMENTED,Raw in-line sensor reading,Semiconductor in-line sensor channel 454,UCI_SECOM,Yield_Defect_Classification,IN_LINE_PROCESS,Current wafer,YES,SAFE,0.0006381620931716656,9.361521769484815,1555,KEEP,Passes variance and completeness screening
sensor_455,455,FAB_IN_LINE_SENSOR,float64,UNKNOWN / NOT DOCUMENTED,Raw in-line sensor reading,Semiconductor in-line sensor channel 455,UCI_SECOM,Yield_Defect_Classification,IN_LINE_PROCESS,Current wafer,YES,SAFE,0.0006381620931716656,0.8805422376655854,1527,KEEP,Passes variance and completeness screening
sensor_456,456,FAB_IN_LINE_SENSOR,float64,UNKNOWN / NOT DOCUMENTED,Raw in-line sensor reading,Semiconductor in-line sensor channel 456,UCI_SECOM,Yield_Defect_Classification,IN_LINE_PROCESS,Current wafer,YES,SAFE,0.0006381620931716656,66.0298587942972,1551,KEEP,Passes variance and completeness screening
sensor_457,457,FAB_IN_LINE_SENSOR,float64,UNKNOWN / NOT DOCUMENTED,Raw in-line sensor reading,Semiconductor in-line sensor channel 457,UCI_SECOM,Yield_Defect_Classification,IN_LINE_PROCESS,Current wafer,YES,SAFE,0.0006381620931716656,20.591052812503875,1547,KEEP,Passes variance and completeness screening
sensor_458,458,FAB_IN_LINE_SENSOR,float64,UNKNOWN / NOT DOCUMENTED,Raw in-line sensor reading,Semiconductor in-line sensor channel 458,UCI_SECOM,Yield_Defect_Classification,IN_LINE_PROCESS,Current wafer,YES,SAFE,0.0006381620931716656,0.0,1,REMOVE,"Near-zero/zero variance (var=0.00e+00, unique=1)"
sensor_459,459,FAB_IN_LINE_SENSOR,float64,UNKNOWN / NOT DOCUMENTED,Raw in-line sensor reading,Semiconductor in-line sensor channel 459,UCI_SECOM,Yield_Defect_Classification,IN_LINE_PROCESS,Current wafer,YES,SAFE,0.0006381620931716656,1.81057551982899,1518,KEEP,Passes variance and completeness screening
sensor_460,460,FAB_IN_LINE_SENSOR,float64,UNKNOWN / NOT DOCUMENTED,Raw in-line sensor reading,Semiconductor in-line sensor channel 460,UCI_SECOM,Yield_Defect_Classification,IN_LINE_PROCESS,Current wafer,YES,SAFE,0.0006381620931716656,177.82726279971905,1564,KEEP,Passes variance and completeness screening
sensor_461,461,FAB_IN_LINE_SENSOR,float64,UNKNOWN / NOT DOCUMENTED,Raw in-line sensor reading,Semiconductor in-line sensor channel 461,UCI_SECOM,Yield_Defect_Classification,IN_LINE_PROCESS,Current wafer,YES,SAFE,0.0006381620931716656,0.0,1,REMOVE,"Near-zero/zero variance (var=0.00e+00, unique=1)"
sensor_462,462,FAB_IN_LINE_SENSOR,float64,UNKNOWN / NOT DOCUMENTED,Raw in-line sensor reading,Semiconductor in-line sensor channel 462,UCI_SECOM,Yield_Defect_Classification,IN_LINE_PROCESS,Current wafer,YES,SAFE,0.0025526483726866626,0.0,1,REMOVE,"Near-zero/zero variance (var=0.00e+00, unique=1)"
sensor_463,463,FAB_IN_LINE_SENSOR,float64,UNKNOWN / NOT DOCUMENTED,Raw in-line sensor reading,Semiconductor in-line sensor channel 463,UCI_SECOM,Yield_Defect_Classification,IN_LINE_PROCESS,Current wafer,YES,SAFE,0.0025526483726866626,0.0,1,REMOVE,"Near-zero/zero variance (var=0.00e+00, unique=1)"
sensor_464,464,FAB_IN_LINE_SENSOR,float64,UNKNOWN / NOT DOCUMENTED,Raw in-line sensor reading,Semiconductor in-line sensor channel 464,UCI_SECOM,Yield_Defect_Classification,IN_LINE_PROCESS,Current wafer,YES,SAFE,0.0025526483726866626,0.0,1,REMOVE,"Near-zero/zero variance (var=0.00e+00, unique=1)"
sensor_465,465,FAB_IN_LINE_SENSOR,float64,UNKNOWN / NOT DOCUMENTED,Raw in-line sensor reading,Semiconductor in-line sensor channel 465,UCI_SECOM,Yield_Defect_Classification,IN_LINE_PROCESS,Current wafer,YES,SAFE,0.0025526483726866626,0.0,1,REMOVE,"Near-zero/zero variance (var=0.00e+00, unique=1)"
sensor_466,466,FAB_IN_LINE_SENSOR,float64,UNKNOWN / NOT DOCUMENTED,Raw in-line sensor reading,Semiconductor in-line sensor channel 466,UCI_SECOM,Yield_Defect_Classification,IN_LINE_PROCESS,Current wafer,YES,SAFE,0.0025526483726866626,0.0,1,REMOVE,"Near-zero/zero variance (var=0.00e+00, unique=1)"
sensor_467,467,FAB_IN_LINE_SENSOR,float64,UNKNOWN / NOT DOCUMENTED,Raw in-line sensor reading,Semiconductor in-line sensor channel 467,UCI_SECOM,Yield_Defect_Classification,IN_LINE_PROCESS,Current wafer,YES,SAFE,0.0025526483726866626,75.23348330879874,417,KEEP,Passes variance and completeness screening
sensor_468,468,FAB_IN_LINE_SENSOR,float64,UNKNOWN / NOT DOCUMENTED,Raw in-line sensor reading,Semiconductor in-line sensor channel 468,UCI_SECOM,Yield_Defect_Classification,IN_LINE_PROCESS,Current wafer,YES,SAFE,0.004467134652201659,53253.36903615582,1317,KEEP,Passes variance and completeness screening
sensor_469,469,FAB_IN_LINE_SENSOR,float64,UNKNOWN / NOT DOCUMENTED,Raw in-line sensor reading,Semiconductor in-line sensor channel 469,UCI_SECOM,Yield_Defect_Classification,IN_LINE_PROCESS,Current wafer,YES,SAFE,0.0038289725590299937,9.933116345587658,1514,KEEP,Passes variance and completeness screening
sensor_470,470,FAB_IN_LINE_SENSOR,float64,UNKNOWN / NOT DOCUMENTED,Raw in-line sensor reading,Semiconductor in-line sensor channel 470,UCI_SECOM,Yield_Defect_Classification,IN_LINE_PROCESS,Current wafer,YES,SAFE,0.0038289725590299937,24.83394358387029,1547,KEEP,Passes variance and completeness screening
sensor_471,471,FAB_IN_LINE_SENSOR,float64,UNKNOWN / NOT DOCUMENTED,Raw in-line sensor reading,Semiconductor in-line sensor channel 471,UCI_SECOM,Yield_Defect_Classification,IN_LINE_PROCESS,Current wafer,YES,SAFE,0.0038289725590299937,103.51265770020767,1552,KEEP,Passes variance and completeness screening
sensor_472,472,FAB_IN_LINE_SENSOR,float64,UNKNOWN / NOT DOCUMENTED,Raw in-line sensor reading,Semiconductor in-line sensor channel 472,UCI_SECOM,Yield_Defect_Classification,IN_LINE_PROCESS,Current wafer,YES,SAFE,0.004467134652201659,2275.1031474836427,1560,KEEP,Passes variance and completeness screening
sensor_473,473,FAB_IN_LINE_SENSOR,float64,UNKNOWN / NOT DOCUMENTED,Raw in-line sensor reading,Semiconductor in-line sensor channel 473,UCI_SECOM,Yield_Defect_Classification,IN_LINE_PROCESS,Current wafer,YES,SAFE,0.004467134652201659,504.3215147103955,1558,KEEP,Passes variance and completeness screening
sensor_474,474,FAB_IN_LINE_SENSOR,float64,UNKNOWN / NOT DOCUMENTED,Raw in-line sensor reading,Semiconductor in-line sensor channel 474,UCI_SECOM,Yield_Defect_Classification,IN_LINE_PROCESS,Current wafer,YES,SAFE,0.004467134652201659,616.1772514136496,1559,KEEP,Passes variance and completeness screening
sensor_475,475,FAB_IN_LINE_SENSOR,float64,UNKNOWN / NOT DOCUMENTED,Raw in-line sensor reading,Semiconductor in-line sensor channel 475,UCI_SECOM,Yield_Defect_Classification,IN_LINE_PROCESS,Current wafer,YES,SAFE,0.0038289725590299937,6.818229535930373,1526,KEEP,Passes variance and completeness screening
sensor_476,476,FAB_IN_LINE_SENSOR,float64,UNKNOWN / NOT DOCUMENTED,Raw in-line sensor reading,Semiconductor in-line sensor channel 476,UCI_SECOM,Yield_Defect_Classification,IN_LINE_PROCESS,Current wafer,YES,SAFE,0.0038289725590299937,223.19134142580052,1559,KEEP,Passes variance and completeness screening
sensor_477,477,FAB_IN_LINE_SENSOR,float64,UNKNOWN / NOT DOCUMENTED,Raw in-line sensor reading,Semiconductor in-line sensor channel 477,UCI_SECOM,Yield_Defect_Classification,IN_LINE_PROCESS,Current wafer,YES,SAFE,0.0038289725590299937,103.7347569600712,1537,KEEP,Passes variance and completeness screening
sensor_478,478,FAB_IN_LINE_SENSOR,float64,UNKNOWN / NOT DOCUMENTED,Raw in-line sensor reading,Semiconductor in-line sensor channel 478,UCI_SECOM,Yield_Defect_Classification,IN_LINE_PROCESS,Current wafer,YES,SAFE,0.0038289725590299937,25.624599615631,2,KEEP,Passes variance and completeness screening
sensor_479,479,FAB_IN_LINE_SENSOR,float64,UNKNOWN / NOT DOCUMENTED,Raw in-line sensor reading,Semiconductor in-line sensor channel 479,UCI_SECOM,Yield_Defect_Classification,IN_LINE_PROCESS,Current wafer,YES,SAFE,0.0038289725590299937,6.962253864646225,1507,KEEP,Passes variance and completeness screening
sensor_480,480,FAB_IN_LINE_SENSOR,float64,UNKNOWN / NOT DOCUMENTED,Raw in-line sensor reading,Semiconductor in-line sensor channel 480,UCI_SECOM,Yield_Defect_Classification,IN_LINE_PROCESS,Current wafer,YES,SAFE,0.0038289725590299937,1278.240778722215,1560,KEEP,Passes variance and completeness screening
sensor_481,481,FAB_IN_LINE_SENSOR,float64,UNKNOWN / NOT DOCUMENTED,Raw in-line sensor reading,Semiconductor in-line sensor channel 481,UCI_SECOM,Yield_Defect_Classification,IN_LINE_PROCESS,Current wafer,YES,SAFE,0.0038289725590299937,0.0,1,REMOVE,"Near-zero/zero variance (var=0.00e+00, unique=1)"
sensor_482,482,FAB_IN_LINE_SENSOR,float64,UNKNOWN / NOT DOCUMENTED,Raw in-line sensor reading,Semiconductor in-line sensor channel 482,UCI_SECOM,Yield_Defect_Classification,IN_LINE_PROCESS,Current wafer,YES,SAFE,0.015315890236119975,78967.36390634248,1062,KEEP,Passes variance and completeness screening
sensor_483,483,FAB_IN_LINE_SENSOR,float64,UNKNOWN / NOT DOCUMENTED,Raw in-line sensor reading,Semiconductor in-line sensor channel 483,UCI_SECOM,Yield_Defect_Classification,IN_LINE_PROCESS,Current wafer,YES,SAFE,0.015315890236119975,37196.68161902012,1402,KEEP,Passes variance and completeness screening
sensor_484,484,FAB_IN_LINE_SENSOR,float64,UNKNOWN / NOT DOCUMENTED,Raw in-line sensor reading,Semiconductor in-line sensor channel 484,UCI_SECOM,Yield_Defect_Classification,IN_LINE_PROCESS,Current wafer,YES,SAFE,0.015315890236119975,45422.96382065921,1324,KEEP,Passes variance and completeness screening
sensor_485,485,FAB_IN_LINE_SENSOR,float64,UNKNOWN / NOT DOCUMENTED,Raw in-line sensor reading,Semiconductor in-line sensor channel 485,UCI_SECOM,Yield_Defect_Classification,IN_LINE_PROCESS,Current wafer,YES,SAFE,0.015315890236119975,47825.322839277396,1358,KEEP,Passes variance and completeness screening
sensor_486,486,FAB_IN_LINE_SENSOR,float64,UNKNOWN / NOT DOCUMENTED,Raw in-line sensor reading,Semiconductor in-line sensor channel 486,UCI_SECOM,Yield_Defect_Classification,IN_LINE_PROCESS,Current wafer,YES,SAFE,0.015315890236119975,82578.10885811066,1039,KEEP,Passes variance and completeness screening
sensor_487,487,FAB_IN_LINE_SENSOR,float64,UNKNOWN / NOT DOCUMENTED,Raw in-line sensor reading,Semiconductor in-line sensor channel 487,UCI_SECOM,Yield_Defect_Classification,IN_LINE_PROCESS,Current wafer,YES,SAFE,0.015315890236119975,69610.30305993861,1199,KEEP,Passes variance and completeness screening
sensor_488,488,FAB_IN_LINE_SENSOR,float64,UNKNOWN / NOT DOCUMENTED,Raw in-line sensor reading,Semiconductor in-line sensor channel 488,UCI_SECOM,Yield_Defect_Classification,IN_LINE_PROCESS,Current wafer,YES,SAFE,0.015315890236119975,63526.05259491402,1314,KEEP,Passes variance and completeness screening
sensor_489,489,FAB_IN_LINE_SENSOR,float64,UNKNOWN / NOT DOCUMENTED,Raw in-line sensor reading,Semiconductor in-line sensor channel 489,UCI_SECOM,Yield_Defect_Classification,IN_LINE_PROCESS,Current wafer,YES,SAFE,0.015315890236119975,52005.29829136766,1344,KEEP,Passes variance and completeness screening
sensor_490,490,FAB_IN_LINE_SENSOR,float64,UNKNOWN / NOT DOCUMENTED,Raw in-line sensor reading,Semiconductor in-line sensor channel 490,UCI_SECOM,Yield_Defect_Classification,IN_LINE_PROCESS,Current wafer,YES,SAFE,0.0006381620931716656,325.7524003853413,1562,KEEP,Passes variance and completeness screening
sensor_491,491,FAB_IN_LINE_SENSOR,float64,UNKNOWN / NOT DOCUMENTED,Raw in-line sensor reading,Semiconductor in-line sensor channel 491,UCI_SECOM,Yield_Defect_Classification,IN_LINE_PROCESS,Current wafer,YES,SAFE,0.007657945118059987,1.4988684958663916,472,KEEP,Passes variance and completeness screening
sensor_492,492,FAB_IN_LINE_SENSOR,float64,UNKNOWN / NOT DOCUMENTED,Raw in-line sensor reading,Semiconductor in-line sensor channel 492,UCI_SECOM,Yield_Defect_Classification,IN_LINE_PROCESS,Current wafer,YES,SAFE,0.8557753669432036,3.0950035010385446,226,REMOVE,Excessive missingness (85.6% > 50%)
sensor_493,493,FAB_IN_LINE_SENSOR,float64,UNKNOWN / NOT DOCUMENTED,Raw in-line sensor reading,Semiconductor in-line sensor channel 493,UCI_SECOM,Yield_Defect_Classification,IN_LINE_PROCESS,Current wafer,YES,SAFE,0.0,0.9485752718627894,572,KEEP,Passes variance and completeness screening
sensor_494,494,FAB_IN_LINE_SENSOR,float64,UNKNOWN / NOT DOCUMENTED,Raw in-line sensor reading,Semiconductor in-line sensor channel 494,UCI_SECOM,Yield_Defect_Classification,IN_LINE_PROCESS,Current wafer,YES,SAFE,0.0,43.76087456670305,894,KEEP,Passes variance and completeness screening
sensor_495,495,FAB_IN_LINE_SENSOR,float64,UNKNOWN / NOT DOCUMENTED,Raw in-line sensor reading,Semiconductor in-line sensor channel 495,UCI_SECOM,Yield_Defect_Classification,IN_LINE_PROCESS,Current wafer,YES,SAFE,0.0,10.627726759625522,964,KEEP,Passes variance and completeness screening
sensor_496,496,FAB_IN_LINE_SENSOR,float64,UNKNOWN / NOT DOCUMENTED,Raw in-line sensor reading,Semiconductor in-line sensor channel 496,UCI_SECOM,Yield_Defect_Classification,IN_LINE_PROCESS,Current wafer,YES,SAFE,0.03254626675175495,606.2225123037497,1510,KEEP,Passes variance and completeness screening
sensor_497,497,FAB_IN_LINE_SENSOR,float64,UNKNOWN / NOT DOCUMENTED,Raw in-line sensor reading,Semiconductor in-line sensor channel 497,UCI_SECOM,Yield_Defect_Classification,IN_LINE_PROCESS,Current wafer,YES,SAFE,0.03254626675175495,24.568349269043164,1509,KEEP,Passes variance and completeness screening
sensor_498,498,FAB_IN_LINE_SENSOR,float64,UNKNOWN / NOT DOCUMENTED,Raw in-line sensor reading,Semiconductor in-line sensor channel 498,UCI_SECOM,Yield_Defect_Classification,IN_LINE_PROCESS,Current wafer,YES,SAFE,0.0038289725590299937,0.0,1,REMOVE,"Near-zero/zero variance (var=0.00e+00, unique=1)"
sensor_499,499,FAB_IN_LINE_SENSOR,float64,UNKNOWN / NOT DOCUMENTED,Raw in-line sensor reading,Semiconductor in-line sensor channel 499,UCI_SECOM,Yield_Defect_Classification,IN_LINE_PROCESS,Current wafer,YES,SAFE,0.0012763241863433313,105476.42437789941,703,KEEP,Passes variance and completeness screening
sensor_500,500,FAB_IN_LINE_SENSOR,float64,UNKNOWN / NOT DOCUMENTED,Raw in-line sensor reading,Semiconductor in-line sensor channel 500,UCI_SECOM,Yield_Defect_Classification,IN_LINE_PROCESS,Current wafer,YES,SAFE,0.0012763241863433313,104331.20301750704,648,KEEP,Passes variance and completeness screening
sensor_501,501,FAB_IN_LINE_SENSOR,float64,UNKNOWN / NOT DOCUMENTED,Raw in-line sensor reading,Semiconductor in-line sensor channel 501,UCI_SECOM,Yield_Defect_Classification,IN_LINE_PROCESS,Current wafer,YES,SAFE,0.0038289725590299937,0.0,1,REMOVE,"Near-zero/zero variance (var=0.00e+00, unique=1)"
sensor_502,502,FAB_IN_LINE_SENSOR,float64,UNKNOWN / NOT DOCUMENTED,Raw in-line sensor reading,Semiconductor in-line sensor channel 502,UCI_SECOM,Yield_Defect_Classification,IN_LINE_PROCESS,Current wafer,YES,SAFE,0.0038289725590299937,0.0,1,REMOVE,"Near-zero/zero variance (var=0.00e+00, unique=1)"
sensor_503,503,FAB_IN_LINE_SENSOR,float64,UNKNOWN / NOT DOCUMENTED,Raw in-line sensor reading,Semiconductor in-line sensor channel 503,UCI_SECOM,Yield_Defect_Classification,IN_LINE_PROCESS,Current wafer,YES,SAFE,0.0038289725590299937,0.0,1,REMOVE,"Near-zero/zero variance (var=0.00e+00, unique=1)"
sensor_504,504,FAB_IN_LINE_SENSOR,float64,UNKNOWN / NOT DOCUMENTED,Raw in-line sensor reading,Semiconductor in-line sensor channel 504,UCI_SECOM,Yield_Defect_Classification,IN_LINE_PROCESS,Current wafer,YES,SAFE,0.0038289725590299937,0.0,1,REMOVE,"Near-zero/zero variance (var=0.00e+00, unique=1)"
sensor_505,505,FAB_IN_LINE_SENSOR,float64,UNKNOWN / NOT DOCUMENTED,Raw in-line sensor reading,Semiconductor in-line sensor channel 505,UCI_SECOM,Yield_Defect_Classification,IN_LINE_PROCESS,Current wafer,YES,SAFE,0.0038289725590299937,0.0,1,REMOVE,"Near-zero/zero variance (var=0.00e+00, unique=1)"
sensor_506,506,FAB_IN_LINE_SENSOR,float64,UNKNOWN / NOT DOCUMENTED,Raw in-line sensor reading,Semiconductor in-line sensor channel 506,UCI_SECOM,Yield_Defect_Classification,IN_LINE_PROCESS,Current wafer,YES,SAFE,0.0038289725590299937,0.0,1,REMOVE,"Near-zero/zero variance (var=0.00e+00, unique=1)"
sensor_507,507,FAB_IN_LINE_SENSOR,float64,UNKNOWN / NOT DOCUMENTED,Raw in-line sensor reading,Semiconductor in-line sensor channel 507,UCI_SECOM,Yield_Defect_Classification,IN_LINE_PROCESS,Current wafer,YES,SAFE,0.0038289725590299937,0.0,1,REMOVE,"Near-zero/zero variance (var=0.00e+00, unique=1)"
sensor_508,508,FAB_IN_LINE_SENSOR,float64,UNKNOWN / NOT DOCUMENTED,Raw in-line sensor reading,Semiconductor in-line sensor channel 508,UCI_SECOM,Yield_Defect_Classification,IN_LINE_PROCESS,Current wafer,YES,SAFE,0.0038289725590299937,0.0,1,REMOVE,"Near-zero/zero variance (var=0.00e+00, unique=1)"
sensor_509,509,FAB_IN_LINE_SENSOR,float64,UNKNOWN / NOT DOCUMENTED,Raw in-line sensor reading,Semiconductor in-line sensor channel 509,UCI_SECOM,Yield_Defect_Classification,IN_LINE_PROCESS,Current wafer,YES,SAFE,0.0038289725590299937,0.0,1,REMOVE,"Near-zero/zero variance (var=0.00e+00, unique=1)"
sensor_510,510,FAB_IN_LINE_SENSOR,float64,UNKNOWN / NOT DOCUMENTED,Raw in-line sensor reading,Semiconductor in-line sensor channel 510,UCI_SECOM,Yield_Defect_Classification,IN_LINE_PROCESS,Current wafer,YES,SAFE,0.0012763241863433313,1420.666932711732,1498,KEEP,Passes variance and completeness screening
sensor_511,511,FAB_IN_LINE_SENSOR,float64,UNKNOWN / NOT DOCUMENTED,Raw in-line sensor reading,Semiconductor in-line sensor channel 511,UCI_SECOM,Yield_Defect_Classification,IN_LINE_PROCESS,Current wafer,YES,SAFE,0.0012763241863433313,108678.8015108692,586,KEEP,Passes variance and completeness screening
sensor_512,512,FAB_IN_LINE_SENSOR,float64,UNKNOWN / NOT DOCUMENTED,Raw in-line sensor reading,Semiconductor in-line sensor channel 512,UCI_SECOM,Yield_Defect_Classification,IN_LINE_PROCESS,Current wafer,YES,SAFE,0.0038289725590299937,0.0,1,REMOVE,"Near-zero/zero variance (var=0.00e+00, unique=1)"
sensor_513,513,FAB_IN_LINE_SENSOR,float64,UNKNOWN / NOT DOCUMENTED,Raw in-line sensor reading,Semiconductor in-line sensor channel 513,UCI_SECOM,Yield_Defect_Classification,IN_LINE_PROCESS,Current wafer,YES,SAFE,0.0038289725590299937,0.0,1,REMOVE,"Near-zero/zero variance (var=0.00e+00, unique=1)"
sensor_514,514,FAB_IN_LINE_SENSOR,float64,UNKNOWN / NOT DOCUMENTED,Raw in-line sensor reading,Semiconductor in-line sensor channel 514,UCI_SECOM,Yield_Defect_Classification,IN_LINE_PROCESS,Current wafer,YES,SAFE,0.0038289725590299937,0.0,1,REMOVE,"Near-zero/zero variance (var=0.00e+00, unique=1)"
sensor_515,515,FAB_IN_LINE_SENSOR,float64,UNKNOWN / NOT DOCUMENTED,Raw in-line sensor reading,Semiconductor in-line sensor channel 515,UCI_SECOM,Yield_Defect_Classification,IN_LINE_PROCESS,Current wafer,YES,SAFE,0.0038289725590299937,0.0,1,REMOVE,"Near-zero/zero variance (var=0.00e+00, unique=1)"
sensor_516,516,FAB_IN_LINE_SENSOR,float64,UNKNOWN / NOT DOCUMENTED,Raw in-line sensor reading,Semiconductor in-line sensor channel 516,UCI_SECOM,Yield_Defect_Classification,IN_LINE_PROCESS,Current wafer,YES,SAFE,0.6496490108487556,116.29206713838936,498,REMOVE,Excessive missingness (65.0% > 50%)
sensor_517,517,FAB_IN_LINE_SENSOR,float64,UNKNOWN / NOT DOCUMENTED,Raw in-line sensor reading,Semiconductor in-line sensor channel 517,UCI_SECOM,Yield_Defect_Classification,IN_LINE_PROCESS,Current wafer,YES,SAFE,0.6496490108487556,23.918588850907625,543,REMOVE,Excessive missingness (65.0% > 50%)
sensor_518,518,FAB_IN_LINE_SENSOR,float64,UNKNOWN / NOT DOCUMENTED,Raw in-line sensor reading,Semiconductor in-line sensor channel 518,UCI_SECOM,Yield_Defect_Classification,IN_LINE_PROCESS,Current wafer,YES,SAFE,0.6496490108487556,22.239659312418997,542,REMOVE,Excessive missingness (65.0% > 50%)
sensor_519,519,FAB_IN_LINE_SENSOR,float64,UNKNOWN / NOT DOCUMENTED,Raw in-line sensor reading,Semiconductor in-line sensor channel 519,UCI_SECOM,Yield_Defect_Classification,IN_LINE_PROCESS,Current wafer,YES,SAFE,0.4562858966177409,250.09587596162535,836,KEEP,Passes variance and completeness screening
sensor_520,520,FAB_IN_LINE_SENSOR,float64,UNKNOWN / NOT DOCUMENTED,Raw in-line sensor reading,Semiconductor in-line sensor channel 520,UCI_SECOM,Yield_Defect_Classification,IN_LINE_PROCESS,Current wafer,YES,SAFE,0.0,32.51698245164063,1536,KEEP,Passes variance and completeness screening
sensor_521,521,FAB_IN_LINE_SENSOR,float64,UNKNOWN / NOT DOCUMENTED,Raw in-line sensor reading,Semiconductor in-line sensor channel 521,UCI_SECOM,Yield_Defect_Classification,IN_LINE_PROCESS,Current wafer,YES,SAFE,0.0,10634.352249241356,9,KEEP,Passes variance and completeness screening
sensor_522,522,FAB_IN_LINE_SENSOR,float64,UNKNOWN / NOT DOCUMENTED,Raw in-line sensor reading,Semiconductor in-line sensor channel 522,UCI_SECOM,Yield_Defect_Classification,IN_LINE_PROCESS,Current wafer,YES,SAFE,0.0,50.472995257663,1562,KEEP,Passes variance and completeness screening
sensor_523,523,FAB_IN_LINE_SENSOR,float64,UNKNOWN / NOT DOCUMENTED,Raw in-line sensor reading,Semiconductor in-line sensor channel 523,UCI_SECOM,Yield_Defect_Classification,IN_LINE_PROCESS,Current wafer,YES,SAFE,0.0,17.202425110957847,1040,KEEP,Passes variance and completeness screening
sensor_524,524,FAB_IN_LINE_SENSOR,float64,UNKNOWN / NOT DOCUMENTED,Raw in-line sensor reading,Semiconductor in-line sensor channel 524,UCI_SECOM,Yield_Defect_Classification,IN_LINE_PROCESS,Current wafer,YES,SAFE,0.0,426.9766858652175,1543,KEEP,Passes variance and completeness screening
sensor_525,525,FAB_IN_LINE_SENSOR,float64,UNKNOWN / NOT DOCUMENTED,Raw in-line sensor reading,Semiconductor in-line sensor channel 525,UCI_SECOM,Yield_Defect_Classification,IN_LINE_PROCESS,Current wafer,YES,SAFE,0.015315890236119975,15.36929902068684,1526,KEEP,Passes variance and completeness screening
sensor_526,526,FAB_IN_LINE_SENSOR,float64,UNKNOWN / NOT DOCUMENTED,Raw in-line sensor reading,Semiconductor in-line sensor channel 526,UCI_SECOM,Yield_Defect_Classification,IN_LINE_PROCESS,Current wafer,YES,SAFE,0.0,0.9185833359574673,1514,KEEP,Passes variance and completeness screening
sensor_527,527,FAB_IN_LINE_SENSOR,float64,UNKNOWN / NOT DOCUMENTED,Raw in-line sensor reading,Semiconductor in-line sensor channel 527,UCI_SECOM,Yield_Defect_Classification,IN_LINE_PROCESS,Current wafer,YES,SAFE,0.0,3.5671786090389914,1549,KEEP,Passes variance and completeness screening
sensor_528,528,FAB_IN_LINE_SENSOR,float64,UNKNOWN / NOT DOCUMENTED,Raw in-line sensor reading,Semiconductor in-line sensor channel 528,UCI_SECOM,Yield_Defect_Classification,IN_LINE_PROCESS,Current wafer,YES,SAFE,0.00574345883854499,0.0,1,REMOVE,"Near-zero/zero variance (var=0.00e+00, unique=1)"
sensor_529,529,FAB_IN_LINE_SENSOR,float64,UNKNOWN / NOT DOCUMENTED,Raw in-line sensor reading,Semiconductor in-line sensor channel 529,UCI_SECOM,Yield_Defect_Classification,IN_LINE_PROCESS,Current wafer,YES,SAFE,0.00574345883854499,0.0,1,REMOVE,"Near-zero/zero variance (var=0.00e+00, unique=1)"
sensor_530,530,FAB_IN_LINE_SENSOR,float64,UNKNOWN / NOT DOCUMENTED,Raw in-line sensor reading,Semiconductor in-line sensor channel 530,UCI_SECOM,Yield_Defect_Classification,IN_LINE_PROCESS,Current wafer,YES,SAFE,0.00574345883854499,0.0,1,REMOVE,"Near-zero/zero variance (var=0.00e+00, unique=1)"
sensor_531,531,FAB_IN_LINE_SENSOR,float64,UNKNOWN / NOT DOCUMENTED,Raw in-line sensor reading,Semiconductor in-line sensor channel 531,UCI_SECOM,Yield_Defect_Classification,IN_LINE_PROCESS,Current wafer,YES,SAFE,0.00574345883854499,0.0,1,REMOVE,"Near-zero/zero variance (var=0.00e+00, unique=1)"
sensor_532,532,FAB_IN_LINE_SENSOR,float64,UNKNOWN / NOT DOCUMENTED,Raw in-line sensor reading,Semiconductor in-line sensor channel 532,UCI_SECOM,Yield_Defect_Classification,IN_LINE_PROCESS,Current wafer,YES,SAFE,0.00574345883854499,0.0,1,REMOVE,"Near-zero/zero variance (var=0.00e+00, unique=1)"
sensor_533,533,FAB_IN_LINE_SENSOR,float64,UNKNOWN / NOT DOCUMENTED,Raw in-line sensor reading,Semiconductor in-line sensor channel 533,UCI_SECOM,Yield_Defect_Classification,IN_LINE_PROCESS,Current wafer,YES,SAFE,0.00574345883854499,0.0,1,REMOVE,"Near-zero/zero variance (var=0.00e+00, unique=1)"
sensor_534,534,FAB_IN_LINE_SENSOR,float64,UNKNOWN / NOT DOCUMENTED,Raw in-line sensor reading,Semiconductor in-line sensor channel 534,UCI_SECOM,Yield_Defect_Classification,IN_LINE_PROCESS,Current wafer,YES,SAFE,0.00574345883854499,0.0,1,REMOVE,"Near-zero/zero variance (var=0.00e+00, unique=1)"
sensor_535,535,FAB_IN_LINE_SENSOR,float64,UNKNOWN / NOT DOCUMENTED,Raw in-line sensor reading,Semiconductor in-line sensor channel 535,UCI_SECOM,Yield_Defect_Classification,IN_LINE_PROCESS,Current wafer,YES,SAFE,0.00574345883854499,0.0,1,REMOVE,"Near-zero/zero variance (var=0.00e+00, unique=1)"
sensor_536,536,FAB_IN_LINE_SENSOR,float64,UNKNOWN / NOT DOCUMENTED,Raw in-line sensor reading,Semiconductor in-line sensor channel 536,UCI_SECOM,Yield_Defect_Classification,IN_LINE_PROCESS,Current wafer,YES,SAFE,0.00574345883854499,0.0,1,REMOVE,"Near-zero/zero variance (var=0.00e+00, unique=1)"
sensor_537,537,FAB_IN_LINE_SENSOR,float64,UNKNOWN / NOT DOCUMENTED,Raw in-line sensor reading,Semiconductor in-line sensor channel 537,UCI_SECOM,Yield_Defect_Classification,IN_LINE_PROCESS,Current wafer,YES,SAFE,0.00574345883854499,0.0,1,REMOVE,"Near-zero/zero variance (var=0.00e+00, unique=1)"
sensor_538,538,FAB_IN_LINE_SENSOR,float64,UNKNOWN / NOT DOCUMENTED,Raw in-line sensor reading,Semiconductor in-line sensor channel 538,UCI_SECOM,Yield_Defect_Classification,IN_LINE_PROCESS,Current wafer,YES,SAFE,0.00574345883854499,0.0,1,REMOVE,"Near-zero/zero variance (var=0.00e+00, unique=1)"
sensor_539,539,FAB_IN_LINE_SENSOR,float64,UNKNOWN / NOT DOCUMENTED,Raw in-line sensor reading,Semiconductor in-line sensor channel 539,UCI_SECOM,Yield_Defect_Classification,IN_LINE_PROCESS,Current wafer,YES,SAFE,0.005105296745373325,1.5697910818881629,333,KEEP,Passes variance and completeness screening
sensor_540,540,FAB_IN_LINE_SENSOR,float64,UNKNOWN / NOT DOCUMENTED,Raw in-line sensor reading,Semiconductor in-line sensor channel 540,UCI_SECOM,Yield_Defect_Classification,IN_LINE_PROCESS,Current wafer,YES,SAFE,0.005105296745373325,0.5357190761421322,336,KEEP,Passes variance and completeness screening
sensor_541,541,FAB_IN_LINE_SENSOR,float64,UNKNOWN / NOT DOCUMENTED,Raw in-line sensor reading,Semiconductor in-line sensor channel 541,UCI_SECOM,Yield_Defect_Classification,IN_LINE_PROCESS,Current wafer,YES,SAFE,0.005105296745373325,8.388992772650475,336,KEEP,Passes variance and completeness screening
sensor_542,542,FAB_IN_LINE_SENSOR,float64,UNKNOWN / NOT DOCUMENTED,Raw in-line sensor reading,Semiconductor in-line sensor channel 542,UCI_SECOM,Yield_Defect_Classification,IN_LINE_PROCESS,Current wafer,YES,SAFE,0.0012763241863433313,7.489852087299698e-06,102,KEEP,Passes variance and completeness screening
sensor_543,543,FAB_IN_LINE_SENSOR,float64,UNKNOWN / NOT DOCUMENTED,Raw in-line sensor reading,Semiconductor in-line sensor channel 543,UCI_SECOM,Yield_Defect_Classification,IN_LINE_PROCESS,Current wafer,YES,SAFE,0.0012763241863433313,2.3517591658972278e-06,71,KEEP,Passes variance and completeness screening
sensor_544,544,FAB_IN_LINE_SENSOR,float64,UNKNOWN / NOT DOCUMENTED,Raw in-line sensor reading,Semiconductor in-line sensor channel 544,UCI_SECOM,Yield_Defect_Classification,IN_LINE_PROCESS,Current wafer,YES,SAFE,0.0012763241863433313,8.733216214670338e-08,21,REMOVE,"Near-zero/zero variance (var=8.73e-08, unique=21)"
sensor_545,545,FAB_IN_LINE_SENSOR,float64,UNKNOWN / NOT DOCUMENTED,Raw in-line sensor reading,Semiconductor in-line sensor channel 545,UCI_SECOM,Yield_Defect_Classification,IN_LINE_PROCESS,Current wafer,YES,SAFE,0.0012763241863433313,1.7306566992676844,273,KEEP,Passes variance and completeness screening
sensor_546,546,FAB_IN_LINE_SENSOR,float64,UNKNOWN / NOT DOCUMENTED,Raw in-line sensor reading,Semiconductor in-line sensor channel 546,UCI_SECOM,Yield_Defect_Classification,IN_LINE_PROCESS,Current wafer,YES,SAFE,0.16592214422463306,0.15137220405833354,1047,KEEP,Passes variance and completeness screening
sensor_547,547,FAB_IN_LINE_SENSOR,float64,UNKNOWN / NOT DOCUMENTED,Raw in-line sensor reading,Semiconductor in-line sensor channel 547,UCI_SECOM,Yield_Defect_Classification,IN_LINE_PROCESS,Current wafer,YES,SAFE,0.16592214422463306,25.642953934214507,1023,KEEP,Passes variance and completeness screening
sensor_548,548,FAB_IN_LINE_SENSOR,float64,UNKNOWN / NOT DOCUMENTED,Raw in-line sensor reading,Semiconductor in-line sensor channel 548,UCI_SECOM,Yield_Defect_Classification,IN_LINE_PROCESS,Current wafer,YES,SAFE,0.16592214422463306,11.49564854089243,964,KEEP,Passes variance and completeness screening
sensor_549,549,FAB_IN_LINE_SENSOR,float64,UNKNOWN / NOT DOCUMENTED,Raw in-line sensor reading,Semiconductor in-line sensor channel 549,UCI_SECOM,Yield_Defect_Classification,IN_LINE_PROCESS,Current wafer,YES,SAFE,0.16592214422463306,0.45339449725334546,1048,KEEP,Passes variance and completeness screening
sensor_550,550,FAB_IN_LINE_SENSOR,float64,UNKNOWN / NOT DOCUMENTED,Raw in-line sensor reading,Semiconductor in-line sensor channel 550,UCI_SECOM,Yield_Defect_Classification,IN_LINE_PROCESS,Current wafer,YES,SAFE,0.16592214422463306,24.670631512259934,747,KEEP,Passes variance and completeness screening
sensor_551,551,FAB_IN_LINE_SENSOR,float64,UNKNOWN / NOT DOCUMENTED,Raw in-line sensor reading,Semiconductor in-line sensor channel 551,UCI_SECOM,Yield_Defect_Classification,IN_LINE_PROCESS,Current wafer,YES,SAFE,0.16592214422463306,1.8526403049429916,213,KEEP,Passes variance and completeness screening
sensor_552,552,FAB_IN_LINE_SENSOR,float64,UNKNOWN / NOT DOCUMENTED,Raw in-line sensor reading,Semiconductor in-line sensor channel 552,UCI_SECOM,Yield_Defect_Classification,IN_LINE_PROCESS,Current wafer,YES,SAFE,0.16592214422463306,0.07630336949571809,973,KEEP,Passes variance and completeness screening
sensor_553,553,FAB_IN_LINE_SENSOR,float64,UNKNOWN / NOT DOCUMENTED,Raw in-line sensor reading,Semiconductor in-line sensor channel 553,UCI_SECOM,Yield_Defect_Classification,IN_LINE_PROCESS,Current wafer,YES,SAFE,0.16592214422463306,4.807702119436477,1077,KEEP,Passes variance and completeness screening
sensor_554,554,FAB_IN_LINE_SENSOR,float64,UNKNOWN / NOT DOCUMENTED,Raw in-line sensor reading,Semiconductor in-line sensor channel 554,UCI_SECOM,Yield_Defect_Classification,IN_LINE_PROCESS,Current wafer,YES,SAFE,0.16592214422463306,0.35862371543244004,1000,KEEP,Passes variance and completeness screening
sensor_555,555,FAB_IN_LINE_SENSOR,float64,UNKNOWN / NOT DOCUMENTED,Raw in-line sensor reading,Semiconductor in-line sensor channel 555,UCI_SECOM,Yield_Defect_Classification,IN_LINE_PROCESS,Current wafer,YES,SAFE,0.16592214422463306,1239.5717370888,1085,KEEP,Passes variance and completeness screening
sensor_556,556,FAB_IN_LINE_SENSOR,float64,UNKNOWN / NOT DOCUMENTED,Raw in-line sensor reading,Semiconductor in-line sensor channel 556,UCI_SECOM,Yield_Defect_Classification,IN_LINE_PROCESS,Current wafer,YES,SAFE,0.16592214422463306,1.638421557353267,1070,KEEP,Passes variance and completeness screening
sensor_557,557,FAB_IN_LINE_SENSOR,float64,UNKNOWN / NOT DOCUMENTED,Raw in-line sensor reading,Semiconductor in-line sensor channel 557,UCI_SECOM,Yield_Defect_Classification,IN_LINE_PROCESS,Current wafer,YES,SAFE,0.16592214422463306,3.4985212478287133,1062,KEEP,Passes variance and completeness screening
sensor_558,558,FAB_IN_LINE_SENSOR,float64,UNKNOWN / NOT DOCUMENTED,Raw in-line sensor reading,Semiconductor in-line sensor channel 558,UCI_SECOM,Yield_Defect_Classification,IN_LINE_PROCESS,Current wafer,YES,SAFE,0.0006381620931716656,0.007032421964754223,365,KEEP,Passes variance and completeness screening
sensor_559,559,FAB_IN_LINE_SENSOR,float64,UNKNOWN / NOT DOCUMENTED,Raw in-line sensor reading,Semiconductor in-line sensor channel 559,UCI_SECOM,Yield_Defect_Classification,IN_LINE_PROCESS,Current wafer,YES,SAFE,0.0006381620931716656,0.04055868524944201,399,KEEP,Passes variance and completeness screening
sensor_560,560,FAB_IN_LINE_SENSOR,float64,UNKNOWN / NOT DOCUMENTED,Raw in-line sensor reading,Semiconductor in-line sensor channel 560,UCI_SECOM,Yield_Defect_Classification,IN_LINE_PROCESS,Current wafer,YES,SAFE,0.0006381620931716656,0.0026602720685330035,345,KEEP,Passes variance and completeness screening
sensor_561,561,FAB_IN_LINE_SENSOR,float64,UNKNOWN / NOT DOCUMENTED,Raw in-line sensor reading,Semiconductor in-line sensor channel 561,UCI_SECOM,Yield_Defect_Classification,IN_LINE_PROCESS,Current wafer,YES,SAFE,0.0006381620931716656,361.99177433938644,414,KEEP,Passes variance and completeness screening
sensor_562,562,FAB_IN_LINE_SENSOR,float64,UNKNOWN / NOT DOCUMENTED,Raw in-line sensor reading,Semiconductor in-line sensor channel 562,UCI_SECOM,Yield_Defect_Classification,IN_LINE_PROCESS,Current wafer,YES,SAFE,0.1742182514358647,58.22583161182734,873,KEEP,Passes variance and completeness screening
sensor_563,563,FAB_IN_LINE_SENSOR,float64,UNKNOWN / NOT DOCUMENTED,Raw in-line sensor reading,Semiconductor in-line sensor channel 563,UCI_SECOM,Yield_Defect_Classification,IN_LINE_PROCESS,Current wafer,YES,SAFE,0.1742182514358647,0.014824952454537629,785,KEEP,Passes variance and completeness screening
sensor_564,564,FAB_IN_LINE_SENSOR,float64,UNKNOWN / NOT DOCUMENTED,Raw in-line sensor reading,Semiconductor in-line sensor channel 564,UCI_SECOM,Yield_Defect_Classification,IN_LINE_PROCESS,Current wafer,YES,SAFE,0.1742182514358647,6.935760827293797,581,KEEP,Passes variance and completeness screening
sensor_565,565,FAB_IN_LINE_SENSOR,float64,UNKNOWN / NOT DOCUMENTED,Raw in-line sensor reading,Semiconductor in-line sensor channel 565,UCI_SECOM,Yield_Defect_Classification,IN_LINE_PROCESS,Current wafer,YES,SAFE,0.1742182514358647,0.006580836421564936,753,KEEP,Passes variance and completeness screening
sensor_566,566,FAB_IN_LINE_SENSOR,float64,UNKNOWN / NOT DOCUMENTED,Raw in-line sensor reading,Semiconductor in-line sensor channel 566,UCI_SECOM,Yield_Defect_Classification,IN_LINE_PROCESS,Current wafer,YES,SAFE,0.1742182514358647,1.0665956113661423,887,KEEP,Passes variance and completeness screening
sensor_567,567,FAB_IN_LINE_SENSOR,float64,UNKNOWN / NOT DOCUMENTED,Raw in-line sensor reading,Semiconductor in-line sensor channel 567,UCI_SECOM,Yield_Defect_Classification,IN_LINE_PROCESS,Current wafer,YES,SAFE,0.1742182514358647,0.0010732798612670055,619,KEEP,Passes variance and completeness screening
sensor_568,568,FAB_IN_LINE_SENSOR,float64,UNKNOWN / NOT DOCUMENTED,Raw in-line sensor reading,Semiconductor in-line sensor channel 568,UCI_SECOM,Yield_Defect_Classification,IN_LINE_PROCESS,Current wafer,YES,SAFE,0.1742182514358647,0.9932996100845772,887,KEEP,Passes variance and completeness screening
sensor_569,569,FAB_IN_LINE_SENSOR,float64,UNKNOWN / NOT DOCUMENTED,Raw in-line sensor reading,Semiconductor in-line sensor channel 569,UCI_SECOM,Yield_Defect_Classification,IN_LINE_PROCESS,Current wafer,YES,SAFE,0.1742182514358647,104.31138124241882,897,KEEP,Passes variance and completeness screening
sensor_570,570,FAB_IN_LINE_SENSOR,float64,UNKNOWN / NOT DOCUMENTED,Raw in-line sensor reading,Semiconductor in-line sensor channel 570,UCI_SECOM,Yield_Defect_Classification,IN_LINE_PROCESS,Current wafer,YES,SAFE,0.0,306.2407606984486,814,KEEP,Passes variance and completeness screening
sensor_571,571,FAB_IN_LINE_SENSOR,float64,UNKNOWN / NOT DOCUMENTED,Raw in-line sensor reading,Semiconductor in-line sensor channel 571,UCI_SECOM,Yield_Defect_Classification,IN_LINE_PROCESS,Current wafer,YES,SAFE,0.0,0.07568652701397191,811,KEEP,Passes variance and completeness screening
sensor_572,572,FAB_IN_LINE_SENSOR,float64,UNKNOWN / NOT DOCUMENTED,Raw in-line sensor reading,Semiconductor in-line sensor channel 572,UCI_SECOM,Yield_Defect_Classification,IN_LINE_PROCESS,Current wafer,YES,SAFE,0.0,7448.498015119964,518,KEEP,Passes variance and completeness screening
sensor_573,573,FAB_IN_LINE_SENSOR,float64,UNKNOWN / NOT DOCUMENTED,Raw in-line sensor reading,Semiconductor in-line sensor channel 573,UCI_SECOM,Yield_Defect_Classification,IN_LINE_PROCESS,Current wafer,YES,SAFE,0.0,0.061741377911449506,754,KEEP,Passes variance and completeness screening
sensor_574,574,FAB_IN_LINE_SENSOR,float64,UNKNOWN / NOT DOCUMENTED,Raw in-line sensor reading,Semiconductor in-line sensor channel 574,UCI_SECOM,Yield_Defect_Classification,IN_LINE_PROCESS,Current wafer,YES,SAFE,0.0,724.6944964490278,830,KEEP,Passes variance and completeness screening
sensor_575,575,FAB_IN_LINE_SENSOR,float64,UNKNOWN / NOT DOCUMENTED,Raw in-line sensor reading,Semiconductor in-line sensor channel 575,UCI_SECOM,Yield_Defect_Classification,IN_LINE_PROCESS,Current wafer,YES,SAFE,0.0,0.00459563574534154,599,KEEP,Passes variance and completeness screening
sensor_576,576,FAB_IN_LINE_SENSOR,float64,UNKNOWN / NOT DOCUMENTED,Raw in-line sensor reading,Semiconductor in-line sensor channel 576,UCI_SECOM,Yield_Defect_Classification,IN_LINE_PROCESS,Current wafer,YES,SAFE,0.0,286.3327187618893,820,KEEP,Passes variance and completeness screening
sensor_577,577,FAB_IN_LINE_SENSOR,float64,UNKNOWN / NOT DOCUMENTED,Raw in-line sensor reading,Semiconductor in-line sensor channel 577,UCI_SECOM,Yield_Defect_Classification,IN_LINE_PROCESS,Current wafer,YES,SAFE,0.0,155.88189176043318,851,KEEP,Passes variance and completeness screening
sensor_578,578,FAB_IN_LINE_SENSOR,float64,UNKNOWN / NOT DOCUMENTED,Raw in-line sensor reading,Semiconductor in-line sensor channel 578,UCI_SECOM,Yield_Defect_Classification,IN_LINE_PROCESS,Current wafer,YES,SAFE,0.6056158264199106,0.0001376001765511164,322,REMOVE,Excessive missingness (60.6% > 50%)
sensor_579,579,FAB_IN_LINE_SENSOR,float64,UNKNOWN / NOT DOCUMENTED,Raw in-line sensor reading,Semiconductor in-line sensor channel 579,UCI_SECOM,Yield_Defect_Classification,IN_LINE_PROCESS,Current wafer,YES,SAFE,0.6056158264199106,9.293216209553481e-05,260,REMOVE,Excessive missingness (60.6% > 50%)
sensor_580,580,FAB_IN_LINE_SENSOR,float64,UNKNOWN / NOT DOCUMENTED,Raw in-line sensor reading,Semiconductor in-line sensor channel 580,UCI_SECOM,Yield_Defect_Classification,IN_LINE_PROCESS,Current wafer,YES,SAFE,0.6056158264199106,9.709367725658652e-06,120,REMOVE,Excessive missingness (60.6% > 50%)
sensor_581,581,FAB_IN_LINE_SENSOR,float64,UNKNOWN / NOT DOCUMENTED,Raw in-line sensor reading,Semiconductor in-line sensor channel 581,UCI_SECOM,Yield_Defect_Classification,IN_LINE_PROCESS,Current wafer,YES,SAFE,0.6056158264199106,7659.919529835849,611,REMOVE,Excessive missingness (60.6% > 50%)
sensor_582,582,FAB_IN_LINE_SENSOR,float64,UNKNOWN / NOT DOCUMENTED,Raw in-line sensor reading,Semiconductor in-line sensor channel 582,UCI_SECOM,Yield_Defect_Classification,IN_LINE_PROCESS,Current wafer,YES,SAFE,0.0006381620931716656,1.1589429400315817e-05,171,KEEP,Passes variance and completeness screening
sensor_583,583,FAB_IN_LINE_SENSOR,float64,UNKNOWN / NOT DOCUMENTED,Raw in-line sensor reading,Semiconductor in-line sensor channel 583,UCI_SECOM,Yield_Defect_Classification,IN_LINE_PROCESS,Current wafer,YES,SAFE,0.0006381620931716656,0.00029514967826700775,227,KEEP,Passes variance and completeness screening
sensor_584,584,FAB_IN_LINE_SENSOR,float64,UNKNOWN / NOT DOCUMENTED,Raw in-line sensor reading,Semiconductor in-line sensor channel 584,UCI_SECOM,Yield_Defect_Classification,IN_LINE_PROCESS,Current wafer,YES,SAFE,0.0006381620931716656,1.3841710146524178e-05,68,KEEP,Passes variance and completeness screening
sensor_585,585,FAB_IN_LINE_SENSOR,float64,UNKNOWN / NOT DOCUMENTED,Raw in-line sensor reading,Semiconductor in-line sensor channel 585,UCI_SECOM,Yield_Defect_Classification,IN_LINE_PROCESS,Current wafer,YES,SAFE,0.0006381620931716656,12.802321228728948,1502,KEEP,Passes variance and completeness screening
sensor_586,586,FAB_IN_LINE_SENSOR,float64,UNKNOWN / NOT DOCUMENTED,Raw in-line sensor reading,Semiconductor in-line sensor channel 586,UCI_SECOM,Yield_Defect_Classification,IN_LINE_PROCESS,Current wafer,YES,SAFE,0.0006381620931716656,0.00015272451356909404,322,KEEP,Passes variance and completeness screening
sensor_587,587,FAB_IN_LINE_SENSOR,float64,UNKNOWN / NOT DOCUMENTED,Raw in-line sensor reading,Semiconductor in-line sensor channel 587,UCI_SECOM,Yield_Defect_Classification,IN_LINE_PROCESS,Current wafer,YES,SAFE,0.0006381620931716656,7.757267970327933e-05,260,KEEP,Passes variance and completeness screening
sensor_588,588,FAB_IN_LINE_SENSOR,float64,UNKNOWN / NOT DOCUMENTED,Raw in-line sensor reading,Semiconductor in-line sensor channel 588,UCI_SECOM,Yield_Defect_Classification,IN_LINE_PROCESS,Current wafer,YES,SAFE,0.0006381620931716656,8.220099041533544e-06,120,KEEP,Passes variance and completeness screening
sensor_589,589,FAB_IN_LINE_SENSOR,float64,UNKNOWN / NOT DOCUMENTED,Raw in-line sensor reading,Semiconductor in-line sensor channel 589,UCI_SECOM,Yield_Defect_Classification,IN_LINE_PROCESS,Current wafer,YES,SAFE,0.0006381620931716656,8815.692531718618,611,KEEP,Passes variance and completeness screening
